Comparison	Genus	mean_g1	mean_g2	log2FoldChange	pvalue	p_adj
Group2_vs_Group1	W5053	2.172832295588629e-6	0.005653049628148048	4.3100894983590505	5.477607434310453e-13	3.3465382646115694e-12
Group2_vs_Group1	Anaerococcus	3.6874960183001826e-5	0.008785180823293395	3.8753406169868696	5.079883278085888e-9	3.1035491268305753e-8
Group2_vs_Group1	Eubacterium	3.2145869972378043e-4	0.026951293042759724	3.3710090058060627	5.4817943515467254e-8	2.800916821958181e-7
Group2_vs_Group1	Streptococcus	0.04364168204333949	0.005683687038334212	-3.3997545620823364	6.700375180358399e-8	4.0935868802627593e-7
Group2_vs_Group1	[Eubacterium] hallii group	0.01231492978947127	0.0014131812536768563	-2.6059586130808365	1.6796472953504523e-7	1.0261786760644736e-6
Group2_vs_Group1	Escherichia-Shigella	0.005777966209723431	1.5939826998919443e-4	-3.0673287767070834	6.059982551601825e-7	3.0963414497235608e-6
Group2_vs_Group1	Coprococcus	0.0047821627892029785	7.93654893372875e-4	-2.2353611783855856	5.498348860425358e-7	3.3592102161868798e-6
Group2_vs_Group1	Unclassified	0.025345332342735692	0.004673999415354542	-2.439282743988552	5.817450316842451e-6	2.972419869919501e-5
Group2_vs_Group1	Vagococcus	0.0019087395227128088	1.0821483913946185e-4	-2.5235380356949304	7.116131826279201e-6	4.347592947880067e-5
Group2_vs_Group1	[Eubacterium] nodatum group	6.842281589511999e-4	7.780822460401763e-5	-2.02656401058976	7.27146771741939e-6	4.442495240496372e-5
Group2_vs_Group1	Enterococcus	0.007308653019659036	0.0015824306511689071	-2.1977686188360015	9.547366180118503e-6	5.832952914422765e-5
Group2_vs_Group1	Agathobacter	0.0016666473321746336	2.2676047461138435e-4	-2.151298419464562	1.8279784564971545e-5	9.340035909109549e-5
Group2_vs_Group1	Blautia	0.042319289371192934	0.010543790308975641	-2.149606081770737	1.777238089029165e-5	1.0858016646112491e-4
Group2_vs_Group1	Jeotgalibaca	0.018829342855734513	0.002783608779799645	-2.3217779316998266	2.14342751863139e-5	1.3095246956893968e-4
Group2_vs_Group1	Acinetobacter	0.039857788555332015	0.01327948781260385	-2.3225407153181385	2.9984557325723857e-5	1.5320576735771316e-4
Group2_vs_Group1	Flaviflexus	3.4692933695665596e-5	6.902270737883192e-4	1.8716630599316029	3.15931127706269e-5	1.9301777656215122e-4
Group2_vs_Group1	Dysgonomonas	2.2758609542464908e-5	0.0031144245229878078	2.3990438924786317	4.647913027583454e-5	2.839637375246242e-4
Group2_vs_Group1	Peptoniphilus	3.5754130817366004e-5	0.0014518676596117547	2.0596903360229213	6.405576164466637e-5	3.9134797442763326e-4
Group2_vs_Group1	Proteiniphilum	9.570095976578529e-7	0.002029380207853051	2.197480001773992	7.516152672505594e-5	4.591985245903053e-4
Group2_vs_Group1	Campylobacter	5.499693709365724e-6	4.09196646836479e-6	-2.2453616514848687	1.3218975090911704e-4	8.076118358462114e-4
Group2_vs_Group1	Jeotgalicoccus	0.004322183456886229	0.002141465170318724	-1.83808105087095	2.895721606210349e-4	0.0014795657841950689
Group2_vs_Group1	Marvinbryantia	0.001475351507563572	2.084911798827721e-4	-1.6103035526559009	2.630690474209137e-4	0.001607217464900035
Group2_vs_Group1	[Ruminococcus] gauvreauii group	0.022919229956442442	0.0057859758180878774	-1.7714276796511845	2.841244467780658e-4	0.001735855196738986
Group2_vs_Group1	Paludicola	5.25786180277579e-5	3.3884108171682834e-4	1.488168208013709	3.803201004774575e-4	0.0019432413893008778
Group2_vs_Group1	Parabacteroides	0.0010883139424875483	0.023735129313816813	2.0861030766137114	3.84744889149097e-4	0.0019658497985720284
Group2_vs_Group1	Unclassified	0.002942389210457613	0.04697422643547555	2.2520211849877034	3.877000607802751e-4	0.002368649276445915
Group2_vs_Group1	Christensenellaceae R-7 group	0.00283378767814951	5.454817525017948e-4	-1.6668657931207358	7.634702318544553e-4	0.004664413022351673
Group2_vs_Group1	Lachnospiraceae UCG-010	2.6970683443285663e-5	2.6169699782456685e-4	1.7075932031936147	8.645382268064678e-4	0.005281886830927106
Group2_vs_Group1	Sphingobacterium	9.71486981132297e-4	1.1643258967369526e-4	-1.828752654127212	0.0010872653489184003	0.005555370395933432
Group2_vs_Group1	Unclassified	2.302324469280395e-4	2.6804922239142012e-6	-1.9921219748448034	0.0011103476114767655	0.005673308963749897
Group2_vs_Group1	Atopostipes	6.851730484301726e-6	4.248884200796071e-4	1.509984718890892	0.0011364933308737675	0.005806900230741878
Group2_vs_Group1	Candidatus Saccharimonas	4.0554354613141463e-4	0.003300857870070438	1.8923968083951581	9.936083937140715e-4	0.006070439602472102
Group2_vs_Group1	Erysipelothrix	0.0016253028906481931	0.0010476444582007399	-1.6602131770852773	0.0012703782331396373	0.00649098367297625
Group2_vs_Group1	Erysipelotrichaceae UCG-009	0.0039965046674840625	5.70987348593581e-4	-1.8368953663760845	0.001272643120601398	0.006502556090664077
Group2_vs_Group1	Lachnospiraceae ND3007 group	3.552081726493069e-5	4.8794492309637693e-4	1.5991746223187202	0.0011928443232633937	0.007287669332638399
Group2_vs_Group1	Weissella	4.595747716143713e-5	0.0014236676133458554	1.6724068876126172	0.001536556284141585	0.007851017510212478
Group2_vs_Group1	Anaerovibrio	2.9301032245520415e-5	3.997286748581479e-4	1.6127766304431603	0.0013422696004944943	0.008200581427838626
Group2_vs_Group1	Brevundimonas	5.660740625178345e-4	1.1830522129731888e-4	-1.5795023340557366	0.0019329042117143707	0.009876152906569778
Group2_vs_Group1	Unclassified	0.003968127597478335	0.0013210555249198806	-1.4208148320144434	0.0018488556569358878	0.011295563393104658
Group2_vs_Group1	Prevotella	0.0010187903539028128	0.007610469875329048	1.749928207876363	0.001880900933256364	0.011491343657923918
Group2_vs_Group1	Arcobacter	4.530512092842878e-7	1.5792348887474758e-5	1.7519513547668013	0.002165174397862589	0.01322810927745246
Group2_vs_Group1	Intestinibacter	0.0011341951175381513	0.017532336127148586	1.6985804986584139	0.002833705631260042	0.014478787896949119
Group2_vs_Group1	Lachnoclostridium	4.913281234289047e-4	7.475911325085907e-5	-1.4581665632816145	0.002789035015993737	0.017039578893334
Group2_vs_Group1	Unclassified	4.586643041542811e-5	2.8797831537194995e-4	1.5035814765593356	0.002865301208323321	0.017505526360340293
Group2_vs_Group1	Micrococcus	9.012856741689331e-4	2.5111261892243056e-4	-1.3729475468834873	0.004442176474742784	0.018255075585986772
Group2_vs_Group1	Proteiniclasticum	8.851672914707097e-6	0.0013278161860440952	1.600565704076253	0.0036644475584144487	0.02238790223644448
Group2_vs_Group1	Helcococcus	1.5424627200120265e-4	0.0014247608685032192	1.454728658445216	0.003889758790260584	0.023178227086213483
Group2_vs_Group1	Prevotellaceae UCG-004	3.0383257653255417e-5	3.296807028309794e-4	1.49592766940638	0.003831494146139181	0.023408471535171494
Group2_vs_Group1	Holdemanella	0.009929722079702497	0.004904236047120051	-1.1943725724385825	0.00438357879637768	0.026781426661081156
Group2_vs_Group1	Unclassified	4.186959463533258e-7	8.489953625381176e-6	1.9356843124942102	0.004685498300545059	0.028626000566103756
Group2_vs_Group1	Lachnospiraceae AC2044 group	9.927251357512781e-4	1.1704717311886123e-4	-1.5075162649605152	0.004734350725276042	0.028924463920117136
Group2_vs_Group1	Unclassified	9.388922051446873e-6	1.9580343041335916e-5	1.5810760226461065	0.005351563802287234	0.030916237427978714
Group2_vs_Group1	Unclassified	5.730940057551782e-4	1.643330394803266e-4	-1.4863129607180463	0.006065673761258242	0.030992493670662553
Group2_vs_Group1	Unclassified	8.032053770706526e-5	2.910711042959688e-6	-1.5820677837608383	0.005079614580763413	0.031033849664956033
Group2_vs_Group1	Mogibacterium	0.007695834796548792	0.0056007222881172495	-1.3401656707814018	0.0051358932209754505	0.03137768340114199
Group2_vs_Group1	Aerosphaera	0.007354812877745089	0.0024369350078243374	-1.5368486933775696	0.0068310009414492	0.03490292451835358
Group2_vs_Group1	Syntrophococcus	0.0017623427067673088	7.674503823295289e-4	-1.4058854868534458	0.006295803728218115	0.038464143945390966
Group2_vs_Group1	Unclassified	9.624761646213974e-4	4.1240599085528825e-4	-1.3870475996097296	0.006389366416004008	0.03903576416200989
Group2_vs_Group1	Unclassified	0.0015827972881199755	0.01292064401640201	1.5916925637613188	0.0064305647095263445	0.0392874646852084
Group2_vs_Group1	Frisingicoccus	8.599943760613942e-5	1.2522536596704526e-5	-1.3251058233559962	0.006863091758317404	0.04192998395409976
Group2_vs_Group1	Lachnospiraceae NK4A136 group	7.314365515272976e-4	1.5068972424538127e-4	-1.2763943978100902	0.007572230634581381	0.04626246015434026
Group2_vs_Group1	Mitsuokella	1.79853242143926e-4	4.5918126284787624e-4	1.5737163574357247	0.00794948481699569	0.04856729045128024
Group2_vs_Group1	Roseburia	4.398009369358785e-4	5.1605392749393817e-5	-1.3021617800381708	0.008933516712970735	0.054579222545667924
Group2_vs_Group1	[Bacteroides] pectinophilus group	4.2148286689623285e-5	4.773392441443569e-5	-1.1817485885327064	0.010920659506706886	0.055798990180254165
Group2_vs_Group1	Unclassified	0.009373500004105858	0.057376327148917335	1.214023105669461	0.010528459341067218	0.0643235070691479
Group2_vs_Group1	Rothia	2.7226959187269946e-4	4.7248841172826115e-5	-1.1395584765336986	0.0108361480405939	0.06620332781005178
Group2_vs_Group1	Unclassified	2.9308716244732807e-6	5.0717768845818936e-5	1.7408135022567581	0.011829778614825252	0.07227390292415137
Group2_vs_Group1	Corynebacterium	0.006105153273079486	0.030043489572256183	1.1440416037515013	0.012125228960461419	0.07407895357595773
Group2_vs_Group1	[Eubacterium] ruminantium group	5.417555060188902e-4	8.814800144874977e-5	-1.3678002384282255	0.012249193143685331	0.07483631139609213
Group2_vs_Group1	Solibacillus	2.8525128838537096e-4	5.692120449408434e-6	-1.2987877902951204	0.012832395869302739	0.07839938206282039
Group2_vs_Group1	Romboutsia	7.166381347115488e-4	0.0038877844864008302	1.1624904006237764	0.0158357474522242	0.08091257822304336
Group2_vs_Group1	[Eubacterium] fissicatena group	1.3332523852575777e-4	9.21064105207469e-6	-1.1544328410607352	0.014432821792280249	0.08817716671633992
Group2_vs_Group1	Catenibacterium	0.010094248670231053	0.0035714872005886337	-1.1434016825872637	0.014961324060141421	0.09140604553531657
Group2_vs_Group1	Intestinimonas	9.019861580407214e-4	2.833464663119176e-4	-1.0597270217461663	0.015542905666340031	0.09495921199070516
Group2_vs_Group1	Lachnospiraceae XPB1014 group	0.005318985683230557	0.0011047637676819394	-1.465805555819641	0.023692575504562875	0.09736437962824014
Group2_vs_Group1	Peptococcus	0.0019777123826243263	0.001151560722815241	-0.9767620635493195	0.016192162002592773	0.09892583646839527
Group2_vs_Group1	Glutamicibacter	7.178801709421813e-4	7.868368329999684e-5	-1.2354625378597193	0.020414359229002834	0.10430694496570792
Group2_vs_Group1	Jonesia	1.4265758527499817e-6	6.160257058360764e-5	1.327228314820247	0.017239342336705432	0.10532357325417845
Group2_vs_Group1	Acidaminococcus	6.159949828419332e-6	1.7842967341936116e-5	1.2500040274878719	0.02143436608519003	0.1095186588294381
Group2_vs_Group1	Mailhella	7.486373170604365e-6	3.769767591134464e-5	1.063378805429286	0.019519397509645642	0.11925354536914894
Group2_vs_Group1	Microbacterium	1.0031715659590998e-4	6.217293491596921e-5	-1.000089140003576	0.02383707351338012	0.1289393888467374
Group2_vs_Group1	Kurthia	0.003205905237542403	6.91526750182684e-4	-1.303484811115251	0.032291886689067295	0.1327031547879189
Group2_vs_Group1	Facklamia	0.0012820544959792344	0.004057214962833044	1.1937333573076205	0.025981084733995265	0.13275006798391742
Group2_vs_Group1	Unclassified	1.4014050697114043e-5	2.1793566162237133e-6	-1.3500355779796855	0.02652881399420041	0.13554868464189992
Group2_vs_Group1	Unclassified	2.0647309739251984e-4	6.760047082963543e-5	-1.0544858119047404	0.02297355422305914	0.14035667799051463
Group2_vs_Group1	Collinsella	0.008451432380018659	0.004837909286747045	-0.887656975144369	0.024833155088038506	0.1443745719567142
Group2_vs_Group1	Lachnospiraceae UCG-003	4.811023015934108e-6	8.164606022750079e-5	1.1980366223775913	0.023830751649185775	0.145593716280062
Group2_vs_Group1	Howardella	1.1978937130244624e-4	3.532908935570637e-5	-0.9038352678748153	0.024546566918322514	0.14996698182945944
Group2_vs_Group1	Ruminococcus	0.00557417489002067	0.07145274164805254	1.2428796221549667	0.030208949474182248	0.15435229658341296
Group2_vs_Group1	Limosilactobacillus	0.02756880733156231	0.01342340561928045	-1.089494728700726	0.025504542900775324	0.15581972560546678
Group2_vs_Group1	Helicobacter	1.5011960934635075e-6	9.155772530651657e-6	0.9970582401028615	0.02677188631506819	0.16078188541008953
Group2_vs_Group1	[Eubacterium] saphenum group	3.364423339061892e-5	1.1708066389419655e-6	-1.3165680308264767	0.03237228823016139	0.16540585227089763
Group2_vs_Group1	NK4A214 group	0.0034617923276171253	0.0012818387052717342	-0.9165029325876616	0.03259973649228069	0.16656799667588676
Group2_vs_Group1	Stenotrophomonas	8.627623074596015e-4	0.0020404677333113294	-1.1534942800178098	0.03338905374468893	0.17060100453490695
Group2_vs_Group1	[Anaerorhabdus] furcosa group	6.871716488609774e-5	3.1230357600960546e-4	0.9869804121744762	0.030711020565749942	0.1876286438943993
Group2_vs_Group1	Lactobacillus	0.2538433605962041	0.13656788202135567	-0.9763054799727483	0.03127941794168695	0.1911012614393575
Group2_vs_Group1	Phascolarctobacterium	1.2164405453426842e-4	5.140679745115623e-4	0.8647117809734897	0.03750028734833103	0.19160730761920966
Group2_vs_Group1	Unclassified	0.010677026935037618	0.002601224421294033	-1.1738150894130912	0.041009001522964425	0.20953504427792044
Group2_vs_Group1	Comamonas	2.2522990030489346e-4	2.593744874940936e-4	-0.9339817580766057	0.04427571759116401	0.226226294261422
Group2_vs_Group1	Clostridium sensu stricto 6	0.007646614444996806	0.004215103032002615	-0.9142164429730902	0.0419410733634253	0.25623852850501444
Group2_vs_Group1	UCG-008	7.998539266215137e-4	0.0018368200628185347	0.9913113634510395	0.06694522357916677	0.34205588690085215
Group2_vs_Group1	Desulfovibrio	5.927754378615597e-6	5.7132203210293246e-5	0.8068611300758937	0.0676336229402013	0.34557325589883875
Group2_vs_Group1	Globicatella	0.002542795330865524	0.001419660143838741	-0.8966301515978563	0.07421040440035204	0.37917724876092285
Group2_vs_Group1	Alkalibacterium	2.0076679013836588e-5	8.87979297396952e-6	0.8305366492169556	0.1029365924215032	0.4230167995131847
Group2_vs_Group1	Anaerofilum	1.76337282503737e-6	5.409241898177504e-6	0.727691706076153	0.0912668785941472	0.46632711690440176
Group2_vs_Group1	Defluviitaleaceae UCG-011	3.8540659761313263e-5	1.0744853115458103e-4	0.6769988045166937	0.11304393827687811	0.5775967649183553
Group2_vs_Group1	Erysipelotrichaceae UCG-006	0.0012782424154430493	0.002541306390046986	0.5041981878924193	0.1944842507844647	0.7992308992091507
Group2_vs_Group1	Devosia	1.6444161662212557e-4	1.6966491851202673e-5	-0.6505562367532912	0.20060090685728302	0.8243672303697106
Group2_vs_Group1	Brevibacterium	6.992518295951002e-4	4.930751815606074e-4	-0.7236825735561342	0.19217831687976003	0.8970086542699538
Group2_vs_Group1	Unclassified	0.005045907057563256	0.0038677902609048345	-0.49804653215264716	0.17838280547990806	0.9114449915031799
Group2_vs_Group1	Bacteroides	4.5635339264116264e-4	9.86242161594033e-4	0.6877448402129619	0.18217802698564167	0.9308366342332057
Group2_vs_Group1	Fusobacterium	2.6497840858693723e-5	9.059503982775959e-6	-0.5277346457747815	0.24236751789478378	0.996006661129659
Group2_vs_Group1	Fusicatenibacter	3.553984623834313e-4	4.051787518982416e-5	-0.9356550552932791	1	1
Group2_vs_Group1	Lachnospiraceae FCS020 group	1.0197927925284701e-4	2.4109114056755986e-5	-0.6783142844130475	1	1
Group2_vs_Group1	Lachnospiraceae UCG-002	1.3644392469612236e-4	1.130585267688858e-4	-0.3987286026693375	1	1
Group2_vs_Group1	[Ruminococcus] torques group	0.002303523000964571	0.0036939151339313372	-0.05412668474213372	1	1
Group2_vs_Group1	Shuttleworthia	5.092540278768958e-4	3.7653067122312155e-4	-0.7679031125641846	1	1
Group2_vs_Group1	Lachnospiraceae UCG-004	7.39358814308355e-6	2.0792572911302194e-5	0.4797045844627387	0.26814049762298886	1
Group2_vs_Group1	Butyrivibrio	3.5310946640798057e-05	6.882482698236443e-5	0.18787074721291652	1	1
Group2_vs_Group1	Oribacterium	6.191352963340743e-5	2.546695783282648e-5	-0.5127498410152532	1	1
Group2_vs_Group1	Lachnospiraceae NK3A20 group	7.790723030604127e-4	4.978939188924599e-4	-0.9468424610382873	1	1
Group2_vs_Group1	Acetitomaculum	4.793917821643143e-5	3.230709467202004e-6	-0.5907012720224729	1	1
Group2_vs_Group1	Anaerostipes	9.668339034543449e-5	1.2010199065389794e-4	-0.21195508710906039	1	1
Group2_vs_Group1	[Eubacterium] xylanophilum group	7.67458105345218e-5	3.619285946580912e-5	-0.22396220887607698	1	1
Group2_vs_Group1	[Eubacterium] eligens group	9.852552122120626e-4	0.001077287629572641	0.16514133260526528	1	1
Group2_vs_Group1	Lachnospira	1.3885623849580462e-4	5.886719315383823e-4	0.16561040558333084	1	1
Group2_vs_Group1	[Eubacterium] ventriosum group	8.118313279423178e-6	2.2816655793273516e-5	0.7042369807568736	1	1
Group2_vs_Group1	Dorea	0.00879141511061432	0.005763740082339795	-0.8146049659083641	1	1
Group2_vs_Group1	Tuzzerella	2.922595719475108e-5	9.685871241242484e-6	-0.3048252363597234	1	1
Group2_vs_Group1	Cellulosilyticum	0	2.0623793866260146e-5	0	1	1
Group2_vs_Group1	Schwartzia	0	1.96224817267528e-5	0	1	1
Group2_vs_Group1	Megasphaera	1.8193700862589404e-4	1.8879571116307766e-4	0.048681026075686286	1	1
Group2_vs_Group1	Dialister	1.2973145473818313e-4	7.2443735706045445e-6	-0.6864438119170508	1	1
Group2_vs_Group1	Erysipelotrichaceae UCG-003	6.068454802326246e-5	0	0	1	1
Group2_vs_Group1	UCG-004	1.7628599096546306e-5	1.0414775257523847e-4	0.7034645235226537	1	1
Group2_vs_Group1	Solobacterium	9.471620729368149e-4	0.0021739562412768313	0.6046151331488111	1	1
Group2_vs_Group1	Holdemania	0	1.1360410424823188e-5	0	1	1
Group2_vs_Group1	Breznakia	2.1191089610952218e-5	5.395057344958333e-4	0.8026181822910611	1	1
Group2_vs_Group1	Faecalicoccus	2.1363659251133652e-5	7.532945204990095e-5	0.42266771261901936	1	1
Group2_vs_Group1	Catenisphaera	0.007472652401487892	0.018105379509889424	0.5544459007855774	0.252689937842314	1
Group2_vs_Group1	Mycoplasma	1.1484115171894235e-6	1.688945336639913e-5	0.3236672462349024	1	1
Group2_vs_Group1	Unclassified	1.598716646892828e-5	2.1414353489698964e-5	0.0013190040501982264	1	1
Group2_vs_Group1	TM7a	0	0.002371205106742538	0	1	1
Group2_vs_Group1	ZOR0006	8.461067245178038e-7	4.0553599161213234e-5	0.9324450187780398	1	1
Group2_vs_Group1	Lacticigenium	1.575794789928235e-4	2.3589266626372863e-5	-0.5818136317864984	1	1
Group2_vs_Group1	Alloiococcus	0	1.296453151156095e-4	0	1	1
Group2_vs_Group1	Desemzia	4.709297724769552e-4	0	NA	1	1
Group2_vs_Group1	Lactococcus	0	3.1356831247714146e-6	0	1	1
Group2_vs_Group1	Ligilactobacillus	6.402253292746844e-4	4.463649457355281e-4	-0.42621007400518046	1	1
Group2_vs_Group1	HT002	0.13009176385268034	0.09762375764056522	-0.7064950666649866	1	1
Group2_vs_Group1	Companilactobacillus	0	2.079110140859712e-6	0	1	1
Group2_vs_Group1	Ignavigranum	0.009000602709693028	0.003989927080545879	-0.2120346411818093	1	1
Group2_vs_Group1	Aerococcus	0.002933688902202673	0.006245957973869179	-0.012951800005575413	1	1
Group2_vs_Group1	Staphylococcus	0.0015949667913999893	0.004566396807887464	0.20025692264253764	0.7170534520191472	1
Group2_vs_Group1	Salinicoccus	1.96197813820729e-4	5.8673562274526566e-5	-0.4254233601804252	1	1
Group2_vs_Group1	Corticicoccus	7.498487100456898e-5	1.5558886624073096e-5	-0.07957550257067059	1	1
Group2_vs_Group1	Caryophanon	5.8134455120528554e-5	2.274880460141281e-4	0.033275114579136005	1	1
Group2_vs_Group1	Bacillus	3.845328270860072e-5	1.650074065321153e-5	0.08484401702940254	1	1
Group2_vs_Group1	Turicibacter	0.004400056183619599	0.004801588422593666	-0.2232320696803896	1	1
Group2_vs_Group1	Actinomyces	4.230533622589019e-7	2.566427269054486e-5	0.9353175234826392	1	1
Group2_vs_Group1	Rhodococcus	1.6535499464003464e-5	1.353544073616391e-5	-0.33598981194628913	1	1
Group2_vs_Group1	Dietzia	2.248031169628124e-4	3.458605495399782e-4	0.08272799495643969	0.8599296991418994	1
Group2_vs_Group1	Propioniciclava	0	1.939704556605846e-5	0	1	1
Group2_vs_Group1	Tessaracoccus	2.5678365349499673e-6	1.0306343168372333e-4	0.7988269974329782	1	1
Group2_vs_Group1	Arcanobacterium	0	1.9871110382379293e-5	0	1	1
Group2_vs_Group1	Knoellia	2.8655049211497733e-5	3.7408815983218293e-4	-0.02603460425830358	1	1
Group2_vs_Group1	Sanguibacter-Flavimobilis	3.89801768664016e-5	3.122010024096251e-4	0.9933031041381409	1	1
Group2_vs_Group1	Unclassified	0	1.798506871738768e-4	0	1	1
Group2_vs_Group1	Georgenia	5.1109681317512405e-5	1.4755209745761334e-5	-0.6654912123871605	1	1
Group2_vs_Group1	Brachybacterium	4.23437899949129e-4	3.6122455656357463e-4	-0.3198161955432138	0.48248346318218127	1
Group2_vs_Group1	Gulosibacter	0	8.719201956410141e-5	NA	1	1
Group2_vs_Group1	Leucobacter	6.001882414952356e-4	7.365762851072691e-4	-0.09969110378864553	0.8290349506040638	1
Group2_vs_Group1	Unclassified	1.3284018905491146e-5	5.840912069695214e-5	0.39752757389004156	1	1
Group2_vs_Group1	Libanicoccus	3.24364053577949e-4	0.0010080391254698117	0.4514402152395241	1	1
Group2_vs_Group1	Atopobium	1.790635145359269e-5	1.4808506479126257e-5	0.07202168398659944	1	1
Group2_vs_Group1	Olsenella	0.0010688314381353096	0.0014509172582945894	-0.5085249619855448	1	1
Group2_vs_Group1	Unclassified	1.6390439103282883e-5	3.3193678494075326e-6	-0.34591664737872146	0.4318166489126489	1
Group2_vs_Group1	Gordonibacter	0	1.2578302893089578e-5	0	1	1
Group2_vs_Group1	Unclassified	0.002704776602054102	0.0021301191971136156	-0.7617050420755959	1	1
Group2_vs_Group1	Senegalimassilia	3.91134113353458e-4	0.00100693850484188	0.33037998900476145	1	1
Group2_vs_Group1	Enterorhabdus	0.0010802506403774041	0.001715920211896348	-0.20370705009409362	1	1
Group2_vs_Group1	Slackia	2.8589583976810313e-4	3.751464835640573e-4	0.17468438294171207	1	1
Group2_vs_Group1	Unclassified	1.0397586555914244e-5	7.918937217004801e-5	0.49369313099215156	1	1
Group2_vs_Group1	Elusimicrobium	0	9.7537859525571e-6	0	1	1
Group2_vs_Group1	Sphaerochaeta	0	7.798945070226176e-6	0	1	1
Group2_vs_Group1	Treponema	0.002188428475991558	0.0011983096339951487	-0.4527297098262096	1	1
Group2_vs_Group1	Chlamydia	1.1460424939689404e-4	1.4974232651951975e-4	0.4065003151031214	1	1
Group2_vs_Group1	Methanosphaera	0.0011096981449732143	9.72220411286152e-4	-0.15886061423303138	1	1
Group2_vs_Group1	Methanobrevibacter	0.002894444463345259	0.002075706144312135	-0.5400115357221974	1	1
Group2_vs_Group1	Chryseobacterium	0	3.420252018978199e-5	0	1	1
Group2_vs_Group1	Chishuiella	1.3899556824289926e-4	4.848912547213627e-5	-0.3148789665799905	1	1
Group2_vs_Group1	Empedobacter	9.640319246605876e-5	6.5615247629608534e-6	-0.561569542163022	1	1
Group2_vs_Group1	Myroides	2.8511094110081312e-5	0.0010773571356319088	0.8239948896055637	1	1
Group2_vs_Group1	Flavobacterium	4.0481481300695866e-4	0.0025636131953659263	-0.05560435140370083	1	1
Group2_vs_Group1	Anaerocella	0	1.908721473954183e-4	0	1	1
Group2_vs_Group1	Alistipes	1.7832886176803104e-6	6.305127966978803e-6	0.34885036237267286	1	1
Group2_vs_Group1	hoa5-07d05 gut group	0	1.455244048760304e-5	0	1	1
Group2_vs_Group1	CAG-873	0.0010874676041408822	1.2098788852158279e-4	-0.15282814098177605	1	1
Group2_vs_Group1	Unclassified	0.015346991031720521	0.00892675807010584	-0.4939550852129902	1	1
Group2_vs_Group1	Unclassified	2.2606087096926772e-4	4.272702460503232e-4	0.41555355228971164	0.3511162352310765	1
Group2_vs_Group1	Alkaliflexus	0	6.063667710520354e-4	0	1	1
Group2_vs_Group1	Unclassified	8.195891064340248e-6	1.1777557038016051e-5	0.39049664765591	0.34699769226359445	1
Group2_vs_Group1	Prevotellaceae UCG-001	1.8431712786201343e-5	5.799674583020211e-5	0.6728189343089407	1	1
Group2_vs_Group1	Prevotellaceae NK3B31 group	0.00204601518699182	0.012305451196467882	0.5967550047564468	1	1
Group2_vs_Group1	Unclassified	3.2707677059902733e-4	3.7618618191017104e-4	0.1819739454191681	1	1
Group2_vs_Group1	Prevotella_9	0.0040515254864001695	0.00360985553620943	0.04362179938446503	1	1
Group2_vs_Group1	Prevotella_7	8.866093498304069e-5	5.8921142773854073e-5	-0.25492168030101053	1	1
Group2_vs_Group1	Alloprevotella	2.6232859392382525e-4	4.552922788249846e-4	0.3176981659954715	0.5151504822804831	1
Group2_vs_Group1	Prevotellaceae UCG-003	1.588318388664164e-4	6.310758712917649e-4	0.7620990172946221	1	1
Group2_vs_Group1	Petrimonas	0	3.139936515761092e-5	0	1	1
Group2_vs_Group1	Fermentimonas	0	4.219711956465411e-4	0	1	1
Group2_vs_Group1	Unclassified	0	5.118539395184287e-5	0	1	1
Group2_vs_Group1	dgA-11 gut group	9.380607950110823e-5	2.12739984180415e-4	0.6088950191044724	1	1
Group2_vs_Group1	Rikenellaceae RC9 gut group	5.144912591943801e-4	9.729610602233414e-4	0.4207128196450376	1	1
Group2_vs_Group1	Succinivibrio	1.0124630027696479e-4	3.825606523343151e-5	-0.3259281793479311	1	1
Group2_vs_Group1	Pseudomonas	8.126794420016466e-5	4.018730069107372e-4	-0.08602541757330402	1	1
Group2_vs_Group1	Salinisphaera	0	1.1466989868952881e-5	0	1	1
Group2_vs_Group1	Unclassified	8.691329182354516e-7	2.04307269304565e-5	0.920472481079858	1	1
Group2_vs_Group1	Parasutterella	2.3366322795561454e-6	3.277789411290602e-5	0.6754455366659017	1	1
Group2_vs_Group1	Unclassified	7.640645257096052e-6	9.578553945223927e-6	0.044385742410690945	0.9123305475436871	1
Group2_vs_Group1	Luteimonas	6.807111170564841e-5	3.006121380588293e-4	0.010686119140703866	1	1
Group2_vs_Group1	Lysobacter	7.908086570896848e-5	1.5889542233722982e-4	0.3969625036991599	1	1
Group2_vs_Group1	Wohlfahrtiimonas	1.3364859651489898e-5	7.417005434077656e-6	1.3986675628669645	1	1
Group2_vs_Group1	Sphingomonas	2.7281805945069314e-5	3.7630665247260247e-6	-0.5862733021815464	1	1
Group2_vs_Group1	Paenochrobactrum	0	5.48091091419417e-5	0	1	1
Group2_vs_Group1	Gemmobacter	6.871373677867318e-4	3.143597849429624e-4	-0.48822573010091835	0.34622548678727294	1
Group2_vs_Group1	Paracoccus	3.562037651822468e-5	8.842539247010079e-5	-0.20997113832787323	1	1
Group2_vs_Group1	Unclassified	2.1104635346873138e-5	1.7771867422523336e-5	-0.48118792838660007	1	1
Group2_vs_Group1	Aminobacter	4.963403410370506e-6	8.079468287856783e-6	0.24660266273968884	1	1
Group2_vs_Group1	Pseudochrobactrum	1.924982297128163e-4	1.771282619707858e-4	-0.3825252839097769	0.4269495088225781	1
Group2_vs_Group1	Unclassified	1.730281709636977e-6	5.206080823402022e-6	0.32295252888377896	1	1
Group2_vs_Group1	Pseudoramibacter	0.0023866254469753607	0.005223598053996203	0.6845088994489061	1	1
Group2_vs_Group1	Anaerofustis	9.558888523198753e-5	5.51726120621201e-5	-0.3152322884925158	1	1
Group2_vs_Group1	Unclassified	0	1.179151123586011e-4	0	1	1
Group2_vs_Group1	Family XIII AD3011 group	0.003543958599588391	0.002331339701066863	-0.6082930595609387	1	1
Group2_vs_Group1	Family XIII UCG-001	4.5389936990095236e-5	1.3822341017013033e-5	-0.7920272423632073	1	1
Group2_vs_Group1	Proteocatella	1.228862746292019e-4	8.91443191981784e-5	-0.6603113142556315	1	1
Group2_vs_Group1	Terrisporobacter	0.031155334685777646	0.04975687411734789	0.15801079008126528	1	1
Group2_vs_Group1	Unclassified	0	3.474583599019078e-6	0	1	1
Group2_vs_Group1	Tissierella	4.853226154289622e-6	1.1490589358499453e-4	0.41537960886956177	1	1
Group2_vs_Group1	Murdochiella	0	0.0018996548776300825	0	1	1
Group2_vs_Group1	Gallicola	9.994387644802966e-4	0.00147978159919405	0.8642018743772214	1	1
Group2_vs_Group1	Clostridium sensu stricto 5	2.461467484717803e-6	2.1749720001927163e-5	-0.036504111601099655	0.9281684672524476	1
Group2_vs_Group1	Clostridium sensu stricto 1	0.062184184812568995	0.10637235628464269	0.5619719833200464	1	1
Group2_vs_Group1	Christensenella	5.237736079049817e-6	5.72060980280302e-5	-0.3573658587580153	1	1
Group2_vs_Group1	Unclassified	1.8668595914266817e-5	1.5895709676309512e-5	0.30503478112864596	1	1
Group2_vs_Group1	Unclassified	4.5456138847198204e-5	1.189818248457882e-4	0.48731549285760567	1	1
Group2_vs_Group1	Unclassified	4.234101656081698e-6	6.5429523814457e-6	0.08411433180886387	1	1
Group2_vs_Group1	Monoglobus	1.797342264229139e-4	1.832229811472913e-4	0.11569013024772898	1	1
Group2_vs_Group1	UCG-009	6.860300561945906e-5	3.174470476800384e-4	1.0350356207933267	1	1
Group2_vs_Group1	Unclassified	0.0017783640834066366	0.001769917715726294	-0.47138059904942176	0.278816293836855	1
Group2_vs_Group1	Pseudoflavonifractor	1.6406408564018306e-5	1.6189582430862796e-5	0.084715703873751	1	1
Group2_vs_Group1	UCG-005	0.0012501243990272798	0.002539272052867447	0.6767646906176267	1	1
Group2_vs_Group1	UCG-007	0	9.621157701766034e-6	0	1	1
Group2_vs_Group1	UCG-003	2.3673224201287153e-6	1.3396800033572514e-6	-0.24194692524062442	1	1
Group2_vs_Group1	Oscillibacter	4.0704426087510146e-5	7.755096839907773e-5	0.3589088561064067	1	1
Group2_vs_Group1	Oscillospira	2.018227635947278e-5	6.486723726322715e-5	0.4982836194225543	1	1
Group2_vs_Group1	UCG-002	0.0035901913965081388	0.006432339913086232	0.04844075948009737	0.9172946430692398	1
Group2_vs_Group1	Colidextribacter	1.4472869505898557e-4	1.1638083367897939e-4	-0.3092032901950181	1	1
Group2_vs_Group1	Butyricicoccus	2.45194848466928e-4	3.1096282640915207e-4	0.22445188356235338	1	1
Group2_vs_Group1	Fastidiosipila	0	4.75052024815277e-4	0	1	1
Group2_vs_Group1	Papillibacter	5.5989352376816545e-6	6.271260982499116e-6	0.14210267813940494	1	1
Group2_vs_Group1	Unclassified	5.570634512603133e-4	0.0016222269081439741	0.36043435779228783	1	1
Group2_vs_Group1	Acetanaerobacterium	5.8602689525066505e-5	3.182542982496085e-5	-0.27247899818756083	1	1
Group2_vs_Group1	Candidatus Soleaferrea	9.759963341161951e-5	1.2408787734544377e-4	0.28840170728397807	0.4514811399500521	1
Group2_vs_Group1	Negativibacillus	5.1376049100377034e-5	6.855221784326887e-5	0.36395873247381555	1	1
Group2_vs_Group1	Unclassified	1.3346086999089462e-5	9.915048117957917e-6	-0.960382416938186	1	1
Group2_vs_Group1	UBA1819	5.219623486106227e-4	3.8170310041237714e-4	-0.5561910575808476	1	1
Group2_vs_Group1	Subdoligranulum	0.013631849759576549	0.018845048167996085	-0.031209568318678035	1	1
Group2_vs_Group1	Faecalibacterium	3.8928825997002967e-4	4.977877420874929e-4	0.007912019482728287	1	1
Group2_vs_Group1	Pygmaiobacter	1.5043869451594095e-5	4.682358908472993e-5	0.00988068519770759	1	1
Group2_vs_Group1	Fournierella	0.001043781907541367	0.0016101188571358773	0.17485467785117773	1	1
Group2_vs_Group1	Unclassified	0.0014747101152887787	0.002069311754080258	0.026867638970230163	1	1
Group2_vs_Group1	DTU089	5.9561023195277075e-6	7.601908382830609e-6	0.3218970113922417	1	1
Group2_vs_Group1	CAG-352	0	1.9646674036576228e-4	0	1	1
Group2_vs_Group1	Caproiciproducens	2.9070286585202714e-5	3.73942943468562e-5	-0.3268813217115856	1	1
Group2_vs_Group1	Incertae Sedis	5.649549392964494e-4	7.527768030696142e-4	0.2689280033163035	0.5129253789833865	1
Group2_vs_Group1	[Eubacterium] siraeum group	4.5211065408780863e-4	8.41659238320219e-4	-0.14480881429925993	1	1
Group2_vs_Group1	Lachnospiraceae UCG-007	1.2697542009817739e-6	3.880705672048215e-6	0.6090638004381149	1	1
Group3_vs_Group1	Eubacterium	3.2145869972378043e-4	0.02392585656313922	4.032029286373892	1.486637309552287e-11	9.082594365658865e-11
Group3_vs_Group1	W5053	2.172832295588629e-6	0.0025517858385987607	3.5329514499506014	2.7872717357609818e-9	1.4241534416296988e-8
Group3_vs_Group1	Escherichia-Shigella	0.005777966209723431	2.7800116664766475e-5	-3.7418969486411364	1.1660111913581387e-8	7.123732607056658e-8
Group3_vs_Group1	Anaerococcus	3.6874960183001826e-5	0.003907004143460961	3.593959339654412	2.2661276514079465e-8	1.1578754423252282e-7
Group3_vs_Group1	Acinetobacter	0.039857788555332015	0.0022199767419109314	-3.135768916756273	2.0096143394492644e-8	1.2277716803788573e-7
Group3_vs_Group1	Micrococcus	9.012856741689331e-4	7.9248282546616e-6	-3.115854959767275	3.2774076015441256e-8	2.0023285857609e-7
Group3_vs_Group1	Intestinibacter	0.0011341951175381513	0.023794242996924307	3.028598859609672	7.609932200021069e-8	4.6492797455603174e-7
Group3_vs_Group1	Unclassified	0.025345332342735692	0.002636644245119446	-3.041525931215153	2.5084882668375414e-7	1.5325581601043958e-6
Group3_vs_Group1	Paludicola	5.25786180277579e-5	5.268011579636463e-4	2.1730663162325	5.193225782836925e-7	3.1727956060105886e-6
Group3_vs_Group1	Jeotgalicoccus	0.004322183456886229	6.527225095790228e-4	-2.562529227110308	3.2012711740714836e-6	1.9558131187575415e-5
Group3_vs_Group1	[Eubacterium] hallii group	0.01231492978947127	0.0021928777701501275	-2.6199158706708934	5.496721079350067e-6	2.808543617186166e-5
Group3_vs_Group1	Parabacteroides	0.0010883139424875483	0.027686947522032018	2.532808682223596	5.596074435792935e-6	3.418915549458895e-5
Group3_vs_Group1	Brevundimonas	5.660740625178345e-4	1.2102840550651048e-5	-2.540375563625845	5.9180670790392895e-6	3.615636602303566e-5
Group3_vs_Group1	Erysipelothrix	0.0016253028906481931	2.29145967385575e-4	-2.3162793434411104	7.630767271927117e-6	4.662008909929195e-5
Group3_vs_Group1	Vagococcus	0.0019087395227128088	4.058923093875171e-5	-2.53613612930022	9.394708673847451e-6	4.800216110724975e-5
Group3_vs_Group1	Agathobacter	0.0016666473321746336	1.2221080221613847e-4	-2.224518732447179	9.195093190265733e-6	5.617732116972569e-5
Group3_vs_Group1	Aerosphaera	0.007354812877745089	4.7628881991854864e-4	-2.679704617551428	1.0722486096474858e-5	6.550891140693034e-5
Group3_vs_Group1	TM7a	0	7.101893667651408e-5	-2.02744980378373	1.2243262592579764e-5	7.480007875904571e-5
Group3_vs_Group1	Stenotrophomonas	8.627623074596015e-4	3.064074608333018e-5	-2.3795827028283343	1.4790151287124076e-5	9.036026735272155e-5
Group3_vs_Group1	Kurthia	0.003205905237542403	9.3823422314965e-6	-2.8884672364187205	3.388811750892634e-5	2.0703908288300255e-4
Group3_vs_Group1	Streptococcus	0.04364168204333949	0.006923788417944328	-2.3344484584619436	4.177376844499193e-5	2.1344261249265953e-4
Group3_vs_Group1	Jeotgalibaca	0.018829342855734513	0.0021977575533567405	-2.403514772458105	4.236707762580162e-5	2.164741192559207e-4
Group3_vs_Group1	Lachnospiraceae XPB1014 group	0.005318985683230557	0.00277868939907894	-3.2303310624737502	4.3504244607549956e-5	2.657887061059804e-4
Group3_vs_Group1	Atopostipes	6.851730484301726e-6	0.0012114508413402047	2.20009523647601	6.83803759173593e-5	4.177691579768594e-4
Group3_vs_Group1	Unclassified	5.730940057551782e-4	3.0394804936427104e-5	-2.3571973451978914	9.577010527501867e-5	5.851064095999316e-4
Group3_vs_Group1	Glutamicibacter	7.178801709421813e-4	7.666336525414171e-6	-2.3758520902806635	1.0317714600370859e-4	6.303596438328766e-4
Group3_vs_Group1	Weissella	4.595747716143713e-5	0.0027541047629262784	2.3637070977673598	1.293984512512283e-4	7.905584211480153e-4
Group3_vs_Group1	Erysipelotrichaceae UCG-009	0.0039965046674840625	7.227098813649603e-4	-2.3435283026375293	1.823556237601363e-4	0.001114099686768132
Group3_vs_Group1	Sphingobacterium	9.71486981132297e-4	1.5733096030960368e-5	-2.1313089681557673	2.1115117196036226e-4	0.0012900257732176878
Group3_vs_Group1	Enterococcus	0.007308653019659036	0.001970128439473748	-1.723532881663959	5.002431257901395e-4	0.0025559867741102023
Group3_vs_Group1	Devosia	1.6444161662212557e-4	3.2985805877872695e-7	-2.1829925828555488	4.8374922186741415e-4	0.0029554605744746398
Group3_vs_Group1	Romboutsia	7.166381347115488e-4	0.007194525924100107	1.6888511264567585	9.510474172784473e-4	0.005810413782934748
Group3_vs_Group1	Unclassified	0.002942389210457613	0.0240395439923722	2.0233153774363637	0.001361979888033013	0.006959021325716125
Group3_vs_Group1	Comamonas	2.2522990030489346e-4	1.0028117852089515e-5	-1.4951305525168104	0.0014590489008598118	0.008914043284815055
Group3_vs_Group1	Blautia	0.042319289371192934	0.010990019075300344	-1.4042611277488914	0.0018953771306960924	0.009684408696987334
Group3_vs_Group1	Ruminococcus	0.00557417489002067	0.0309052327516663	1.542939173385208	0.0016129032341638213	0.009854014649599405
Group3_vs_Group1	Peptoniphilus	3.5754130817366004e-5	3.4279725912760055e-4	1.4971994392118673	0.001969220240018083	0.010061709255566847
Group3_vs_Group1	Lachnospiraceae UCG-010	2.6970683443285663e-5	2.7622936652777006e-4	1.593790432950533	0.0020848604730544368	0.01065257176013216
Group3_vs_Group1	Brachybacterium	4.23437899949129e-4	4.399677264224872e-5	-1.4332273941893372	0.0018157737462364118	0.01109344982189691
Group3_vs_Group1	[Bacteroides] pectinophilus group	4.2148286689623285e-5	3.568042214230881e-5	-1.6088609183078917	0.0019253379100373747	0.01176283088103126
Group3_vs_Group1	Unclassified	7.640645257096052e-6	7.097198424645118e-5	1.670698818076575	0.0021917271724850697	0.013390333163284697
Group3_vs_Group1	[Eubacterium] nodatum group	6.842281589511999e-4	1.6553201117905502e-4	-1.3996307263819419	0.0026943117034895474	0.013766556149216668
Group3_vs_Group1	Unclassified	2.302324469280395e-4	8.094130477383296e-5	1.7680258324142641	0.003441930344275149	0.014144575064429994
Group3_vs_Group1	UCG-008	7.998539266215137e-4	0.0032993686457911827	1.623049358708056	0.0023844604183041575	0.014567834818398394
Group3_vs_Group1	Defluviitaleaceae UCG-011	3.8540659761313263e-5	2.979364593466735e-4	1.5392093319444955	0.00239480975219937	0.01463106396051732
Group3_vs_Group1	Facklamia	0.0012820544959792344	0.00766619547361909	1.7766859164210287	0.002744331146600502	0.016766461092734455
Group3_vs_Group1	Cellulosilyticum	0	2.9645149829676584e-5	1.89530512311103	0.0030271078223131575	0.018494082096905933
Group3_vs_Group1	Campylobacter	5.499693709365724e-6	2.2026677657612122e-5	-1.5035975835203073	0.004158009911263477	0.021245306115944773
Group3_vs_Group1	Globicatella	0.002542795330865524	5.929190010323958e-4	-1.670613542221416	0.0035475411208321954	0.021673663636033194
Group3_vs_Group1	Helcococcus	1.5424627200120265e-4	0.0014689853226091808	1.5189345979913174	0.0037938077787470098	0.023178227086213483
Group3_vs_Group1	Lachnoclostridium	4.913281234289047e-4	1.028520122972712e-4	-1.530534312074062	0.00473897098787518	0.024213720376004572
Group3_vs_Group1	Unclassified	9.388922051446873e-6	2.5385373249765295e-5	1.7060533855449769	0.005060363832297591	0.030916237427978714
Group3_vs_Group1	Pseudochrobactrum	1.924982297128163e-4	2.205428488711822e-5	-1.3113403088893847	0.006328421551425335	0.03866342217914603
Group3_vs_Group1	Brevibacterium	6.992518295951002e-4	7.046819221098268e-5	-1.5168946911266088	0.0064845211989481965	0.039617111266566724
Group3_vs_Group1	Leucobacter	6.001882414952356e-4	1.1742208384001359e-4	-1.2365226003171261	0.0075704191916998904	0.04625139316388911
Group3_vs_Group1	Candidatus Soleaferrea	9.759963341161951e-5	3.9748938111736553e-4	1.1887204632269388	0.007602011628049651	0.046444406807865386
Group3_vs_Group1	Prevotellaceae UCG-004	3.0383257653255417e-5	1.554278179818582e-4	1.1991271847379414	0.009773752396481069	0.04993888085793247
Group3_vs_Group1	Fusobacterium	2.6497840858693723e-5	1.1305959621868828e-6	-1.6558080825557089	0.008459690672449057	0.05168438753897709
Group3_vs_Group1	Unclassified	1.6390439103282883e-5	1.816884944638087e-5	1.9143112248596819	0.010500059397490194	0.053649938527322166
Group3_vs_Group1	Roseburia	4.398009369358785e-4	4.1805174686826294e-5	-1.294405599099028	0.010501127173255392	0.054579222545667924
Group3_vs_Group1	Staphylococcus	0.0015949667913999893	5.082057295182456e-4	-1.5198940675837196	0.009807834641425824	0.05681619866583486
Group3_vs_Group1	Incertae Sedis	5.649549392964494e-4	0.0015561471040805351	1.1094787802964572	0.009345507132180792	0.05709627350098776
Group3_vs_Group1	Prevotella	0.0010187903539028128	0.0050861283276123865	1.3525206343831446	0.011233298504757107	0.05739641571773705
Group3_vs_Group1	Flaviflexus	3.4692933695665596e-5	2.3114168402998503e-4	1.1058777641695379	0.011581644161665476	0.05917628403770682
Group3_vs_Group1	Anaerofilum	1.76337282503737e-6	9.240000562598038e-6	1.3289639299477953	0.010367980053443516	0.06334306061848338
Group3_vs_Group1	Unclassified	0.009373500004105858	0.03925899036209593	1.190496676167859	0.012179396933768303	0.0643235070691479
Group3_vs_Group1	Unclassified	2.2606087096926772e-4	0.0017341640873831767	1.3166245051565324	0.01107935174423368	0.06768917817462475
Group3_vs_Group1	Gemmobacter	6.871373677867318e-4	2.6744616129608687e-5	-1.3691680779991886	0.011231739789769712	0.0686201912703449
Group3_vs_Group1	[Eubacterium] saphenum group	3.364423339061892e-5	1.1469415656211147e-6	-1.8694260446999285	0.012656046364557449	0.07732197669441303
Group3_vs_Group1	Lactococcus	0	2.9786928740795155e-5	1.5997209342497687	0.013183888694620352	0.08054682363063675
Group3_vs_Group1	NK4A214 group	0.0034617923276171253	0.0016138389191600998	-1.2689564916331288	0.013457943645507063	0.08222115935247747
Group3_vs_Group1	Alloiococcus	0	5.196591395272484e-5	-1.2603121984612975	0.014961028238480044	0.09140423821611532
Group3_vs_Group1	Rothia	2.7226959187269946e-4	3.869098820951791e-5	-1.0991432052108765	0.01841700829738254	0.09410150224939985
Group3_vs_Group1	Unclassified	8.195891064340248e-6	4.467942268360383e-5	1.216640805637259	0.016097336528542016	0.09834650127291729
Group3_vs_Group1	Catenisphaera	0.007472652401487892	0.01816231473786503	1.1034742901451273	0.0167562089508358	0.10237187512298954
Group3_vs_Group1	Mogibacterium	0.007695834796548792	0.0027507688393815506	-1.0440612258363093	0.020213539706919605	0.10328085981637755
Group3_vs_Group1	Coprococcus	0.0047821627892029785	0.002225481012229524	-1.0228760831553148	0.020342400926751082	0.10393927480821721
Group3_vs_Group1	Bacteroides	4.5635339264116264e-4	0.0015734328192891411	1.2203350534318291	0.018943101401430427	0.11573267060581949
Group3_vs_Group1	Unclassified	0	2.0709529690521152e-5	-1.093339294370805	0.019272154925811528	0.11774301951025
Group3_vs_Group1	[Eubacterium] fissicatena group	1.3332523852575777e-4	2.1315493873273222e-5	-1.1401818232176004	0.023138049880860843	0.11822361252994593
Group3_vs_Group1	Fermentimonas	0	5.386482864324136e-5	-1.1533074716352807	0.020107993120590303	0.12284956380973784
Group3_vs_Group1	Microbacterium	1.0031715659590998e-4	9.290085172325773e-6	-1.0520288770336703	0.021104774518522128	0.1289393888467374
Group3_vs_Group1	Mailhella	7.486373170604365e-6	4.4289109014420486e-5	1.0742027032450425	0.02594239815318527	0.13255239932284446
Group3_vs_Group1	Lachnospiraceae NK4A136 group	7.314365515272976e-4	3.109419079454232e-4	-1.1873343462599226	0.026581696269469615	0.1358188860483849
Group3_vs_Group1	Collinsella	0.008451432380018659	0.0038144554247470123	-0.8810392243880055	0.023631202339390492	0.1443745719567142
Group3_vs_Group1	Alloprevotella	2.6232859392382525e-4	9.892896294142715e-4	1.1210088036755346	0.023825441052981965	0.14556127125070004
Group3_vs_Group1	Phascolarctobacterium	1.2164405453426842e-4	5.018037783675841e-4	0.998307346739149	0.024367624948206518	0.14887373782225444
Group3_vs_Group1	Catenibacterium	0.010094248670231053	0.003457461040108544	-1.0851645166204165	0.029593250672376874	0.15120639029681615
Group3_vs_Group1	Helicobacter	1.5011960934635075e-6	1.0336140849108502e-5	1.0455262943566375	0.026316748269034965	0.16078188541008953
Group3_vs_Group1	Arcobacter	4.530512092842878e-7	1.6541880765675518e-6	1.0725877563516517	0.031701312696836834	0.16197751012982325
Group3_vs_Group1	Unclassified	0.010677026935037618	0.0023792016705415533	-1.3622138546617348	0.02959147148266259	0.1807887710291138
Group3_vs_Group1	Peptococcus	0.0019777123826243263	0.0010040805011957345	-0.7913286170536373	0.03740848106754399	0.19113822443270653
Group3_vs_Group1	Lachnospiraceae UCG-003	4.811023015934108e-6	3.872861468348183e-5	1.0984339654111959	0.04012846402185212	0.20503594755690865
Group3_vs_Group1	Anaerovibrio	2.9301032245520415e-5	1.4623800384002352e-4	0.9267210329600917	0.04118781930446142	0.21044871177462043
Group3_vs_Group1	Lachnospiraceae UCG-004	7.39358814308355e-6	5.1315153525112425e-6	-1.072011229198936	0.044257345215419415	0.22613242080871235
Group3_vs_Group1	Alkalibacterium	2.0076679013836588e-5	4.654328039962028e-6	-1.2265401140864058	0.044402282566494033	0.22687297661712283
Group3_vs_Group1	Clostridium sensu stricto 6	0.007646614444996806	0.004075472873230846	-0.9622487001679758	0.05222075273726518	0.26682136435099
Group3_vs_Group1	Dietzia	2.248031169628124e-4	5.832316245670692e-5	-0.8939035024869789	0.04679620573666377	0.28590090658093126
Group3_vs_Group1	Unclassified	0.0015827972881199755	0.00359350335130999	0.925933690920223	0.06216075815224231	0.31760971318663955
Group3_vs_Group1	[Anaerorhabdus] furcosa group	6.871716488609774e-5	2.310835861234414e-4	0.84199317131674	0.06339571889542195	0.3239197315824479
Group3_vs_Group1	Unclassified	4.186959463533258e-7	3.5219923024138905e-6	0.9635585007571951	0.06887704531103536	0.35192650888850185
Group3_vs_Group1	Unclassified	0.003968127597478335	0.0019312366156146457	-0.7540070388133379	0.07465512116687391	0.38144952421030465
Group3_vs_Group1	Unclassified	0.0017783640834066366	0.0060571631378112155	0.8065459600736264	0.08001382262911301	0.40882975065970156
Group3_vs_Group1	Unclassified	0.005045907057563256	0.0027838760214724543	-0.6809303535791579	0.06725823461449654	0.410913447973238
Group3_vs_Group1	Marvinbryantia	0.001475351507563572	5.989169507155203e-4	-0.8109606068401075	0.0814105439437829	0.4159662829244382
Group3_vs_Group1	Syntrophococcus	0.0017623427067673088	8.75471724963244e-4	-0.9011823326322695	0.09556085305597635	0.4882671324027989
Group3_vs_Group1	Erysipelotrichaceae UCG-006	0.0012782424154430493	7.061121088037857e-4	-0.6347664075294641	0.09733454078810011	0.4973297704501466
Group3_vs_Group1	Holdemanella	0.009929722079702497	0.00575767519238368	-0.642316604505537	0.10882940923969495	0.5560626749473465
Group3_vs_Group1	Limosilactobacillus	0.02756880733156231	0.019913159011775927	-0.9382887717069857	0.11019754725407716	0.563053161152219
Group3_vs_Group1	Unclassified	9.624761646213974e-4	5.65006186353285e-4	-0.7608744833966287	0.11097339416507242	0.5670173424492752
Group3_vs_Group1	Lactobacillus	0.2538433605962041	0.189811356212247	-0.7754729662796945	0.13517962048588741	0.6906987908038044
Group3_vs_Group1	Dysgonomonas	2.2758609542464908e-5	7.244308470760391e-5	0.579466667302458	0.19957615420870722	0.8201560205803079
Group3_vs_Group1	Unclassified	4.586643041542811e-5	2.3668237103588314e-4	0.7484436541205746	0.16731791209349653	0.854909039893778
Group3_vs_Group1	Unclassified	2.9308716244732807e-6	1.2308755740084275e-5	0.612806932677213	0.21637961216372933	0.8892096470670046
Group3_vs_Group1	Lachnospiraceae AC2044 group	9.927251357512781e-4	4.099796534820952e-4	-0.6730382430377194	0.22488577940852883	0.9241656482262901
Group3_vs_Group1	[Ruminococcus] gauvreauii group	0.022919229956442442	0.013158230678350862	-0.5370847930188882	0.22909322995346068	0.9414561201737108
Group3_vs_Group1	Fusicatenibacter	3.553984623834313e-4	1.5566915318423888e-4	-0.4329318622577651	1	1
Group3_vs_Group1	Lachnospiraceae FCS020 group	1.0197927925284701e-4	8.136452235123781e-5	0.022904617330339164	1	1
Group3_vs_Group1	Lachnospiraceae UCG-002	1.3644392469612236e-4	1.595077371126733e-4	-0.04276756804808449	1	1
Group3_vs_Group1	[Ruminococcus] torques group	0.002303523000964571	0.0014530260291423405	-0.49890740902010244	1	1
Group3_vs_Group1	Shuttleworthia	5.092540278768958e-4	3.0893905668880663e-4	-0.4971241463498801	1	1
Group3_vs_Group1	Butyrivibrio	3.5310946640798057e-05	7.686704691558496e-5	0.5772224697002286	1	1
Group3_vs_Group1	Oribacterium	6.191352963340743e-5	6.454652710728255e-5	0.06577247252219526	1	1
Group3_vs_Group1	Lachnospiraceae NK3A20 group	7.790723030604127e-4	7.455653371404682e-4	0.03364764130433726	1	1
Group3_vs_Group1	Acetitomaculum	4.793917821643143e-5	1.1281375034799342e-5	-0.20541711260412382	1	1
Group3_vs_Group1	Anaerostipes	9.668339034543449e-5	3.253990477108584e-4	-0.028362933076872973	1	1
Group3_vs_Group1	Howardella	1.1978937130244624e-4	8.008843140935539e-5	-0.46123257768434023	0.29977495211682154	1
Group3_vs_Group1	[Eubacterium] xylanophilum group	7.67458105345218e-5	5.000671478565459e-5	-0.02790146292589087	1	1
Group3_vs_Group1	[Eubacterium] ruminantium group	5.417555060188902e-4	1.356387851854398e-4	-0.48442099003428585	0.37462302416786275	1
Group3_vs_Group1	Lachnospiraceae ND3007 group	3.552081726493069e-5	6.623835438463114e-5	0.48389552770493527	0.2520739957571411	1
Group3_vs_Group1	[Eubacterium] eligens group	9.852552122120626e-4	5.819864527662038e-4	-0.032641279601933186	1	1
Group3_vs_Group1	Lachnospira	1.3885623849580462e-4	8.763883120885862e-5	-0.2628875166512539	1	1
Group3_vs_Group1	[Eubacterium] ventriosum group	8.118313279423178e-6	4.3939462370643486e-6	0.17831718561955706	1	1
Group3_vs_Group1	Dorea	0.00879141511061432	0.006662216625114096	-0.3854109233690687	1	1
Group3_vs_Group1	Frisingicoccus	8.599943760613942e-5	9.178154806690322e-5	0.06782701171422979	0.881770905533922	1
Group3_vs_Group1	Tuzzerella	2.922595719475108e-5	1.6882581211508116e-5	-0.4489132662083168	1	1
Group3_vs_Group1	Schwartzia	0	1.9290950613618635e-5	-0.7629789315489119	1	1
Group3_vs_Group1	Unclassified	1.4014050697114043e-5	2.5730039058304645e-5	0.42874862018993126	0.36860395034680704	1
Group3_vs_Group1	Mitsuokella	1.79853242143926e-4	2.809644947655237e-4	0.773389608482758	0.19911052071270036	1
Group3_vs_Group1	Megasphaera	1.8193700862589404e-4	1.4849397657736263e-4	0.13025963981418776	1	1
Group3_vs_Group1	Dialister	1.2973145473818313e-4	1.83604954647567e-5	0.6616523371781342	1	1
Group3_vs_Group1	Acidaminococcus	6.159949828419332e-6	1.8556786264251483e-6	-0.30109075217772585	0.5005637233537936	1
Group3_vs_Group1	Erysipelotrichaceae UCG-003	6.068454802326246e-5	4.9732171537711896e-5	-0.4788792681043069	1	1
Group3_vs_Group1	UCG-004	1.7628599096546306e-5	4.926241001924137e-5	0.6978494397104053	1	1
Group3_vs_Group1	Solobacterium	9.471620729368149e-4	0.002172078266396112	0.7972089445993993	1	1
Group3_vs_Group1	Holdemania	0	3.018660139664121e-4	-0.14205691213784066	1	1
Group3_vs_Group1	Breznakia	2.1191089610952218e-5	7.83324796199723e-5	0.551221366756759	1	1
Group3_vs_Group1	Faecalicoccus	2.1363659251133652e-5	4.780511696972596e-5	0.33691978101204406	1	1
Group3_vs_Group1	Mycoplasma	1.1484115171894235e-6	3.346157992420446e-5	0.6459905174677222	1	1
Group3_vs_Group1	Unclassified	1.598716646892828e-5	3.41413014045657e-5	0.2821060153586391	1	1
Group3_vs_Group1	Candidatus Saccharimonas	4.0554354613141463e-4	5.546104056082138e-4	0.2136698225779396	0.685471039115165	1
Group3_vs_Group1	ZOR0006	8.461067245178038e-7	8.103994653138494e-6	0.42107082740182405	1	1
Group3_vs_Group1	Lacticigenium	1.575794789928235e-4	4.926920280004178e-5	-0.6264499768335544	1	1
Group3_vs_Group1	Desemzia	4.709297724769552e-4	0	NA	1	1
Group3_vs_Group1	Ligilactobacillus	6.402253292746844e-4	0.0017752405632845945	0.8987153758070718	1	1
Group3_vs_Group1	HT002	0.13009176385268034	0.09534788505792599	-0.6124380087507958	1	1
Group3_vs_Group1	Companilactobacillus	0	2.977755298341934e-5	0.12174536771585297	1	1
Group3_vs_Group1	Ignavigranum	0.009000602709693028	0.0039137931123000985	-0.4754187243802218	1	1
Group3_vs_Group1	Aerococcus	0.002933688902202673	0.00810737014363574	0.5877897145931364	1	1
Group3_vs_Group1	Salinicoccus	1.96197813820729e-4	6.642136854997444e-6	-0.8419184715715264	1	1
Group3_vs_Group1	Corticicoccus	7.498487100456898e-5	0	0	1	1
Group3_vs_Group1	Solibacillus	2.8525128838537096e-4	0	0	1	1
Group3_vs_Group1	Caryophanon	5.8134455120528554e-5	1.541798038217313e-5	-0.5917985009828021	1	1
Group3_vs_Group1	Bacillus	3.845328270860072e-5	2.4324685950533838e-5	-0.040996206898329314	1	1
Group3_vs_Group1	Turicibacter	0.004400056183619599	0.0027668211345979374	-0.9045931018702071	1	1
Group3_vs_Group1	Unclassified	2.0647309739251984e-4	1.169394687086967e-4	-0.5181941847244145	0.26582000114398674	1
Group3_vs_Group1	Actinomyces	4.230533622589019e-7	2.5680228272618646e-6	0.4092385896323128	1	1
Group3_vs_Group1	Rhodococcus	1.6535499464003464e-5	2.027911614172276e-6	-1.1273837890487097	1	1
Group3_vs_Group1	Corynebacterium	0.006105153273079486	0.012256481541907761	0.2834928497888636	0.5895981209280852	1
Group3_vs_Group1	Propioniciclava	0	2.0509741244128116e-5	0.8231575341152533	1	1
Group3_vs_Group1	Tessaracoccus	2.5678365349499673e-6	2.2548545404527705e-5	-0.09243230972320582	1	1
Group3_vs_Group1	Arcanobacterium	0	1.3658306014178302e-5	0.06702560237768791	1	1
Group3_vs_Group1	Knoellia	2.8655049211497733e-5	8.409195605640346e-5	-0.06038303622696803	1	1
Group3_vs_Group1	Jonesia	1.4265758527499817e-6	1.4898438092445703e-6	0.46104097911432634	0.3085077606804368	1
Group3_vs_Group1	Sanguibacter-Flavimobilis	3.89801768664016e-5	4.777203718016643e-5	0.5192136781053568	1	1
Group3_vs_Group1	Georgenia	5.1109681317512405e-5	0	0	1	1
Group3_vs_Group1	Gulosibacter	0	0	NA	1	1
Group3_vs_Group1	Unclassified	1.3284018905491146e-5	4.455173580864006e-6	-0.36655520521647905	1	1
Group3_vs_Group1	Libanicoccus	3.24364053577949e-4	3.4072813383536233e-4	0.1659397553704077	1	1
Group3_vs_Group1	Atopobium	1.790635145359269e-5	2.0538741528680496e-5	0.017365374758337784	1	1
Group3_vs_Group1	Olsenella	0.0010688314381353096	0.0024402954614057334	0.05469219431290746	1	1
Group3_vs_Group1	Gordonibacter	0	2.291546333515102e-6	-0.8258850523571715	1	1
Group3_vs_Group1	Unclassified	0.002704776602054102	0.0023406528954193076	-0.26010471894708476	1	1
Group3_vs_Group1	Senegalimassilia	3.91134113353458e-4	8.418216849234831e-4	0.8432040867195867	1	1
Group3_vs_Group1	Enterorhabdus	0.0010802506403774041	0.0015268042152362744	0.18043132956482127	1	1
Group3_vs_Group1	Slackia	2.8589583976810313e-4	5.101609093071457e-4	0.4500423430947529	1	1
Group3_vs_Group1	Unclassified	1.0397586555914244e-5	5.972300497492803e-5	0.47531882618950927	1	1
Group3_vs_Group1	Elusimicrobium	0	6.734226894001756e-5	0.5869942242630709	1	1
Group3_vs_Group1	Sphaerochaeta	0	4.457279948434843e-5	0.9888348631295935	1	1
Group3_vs_Group1	Treponema	0.002188428475991558	0.0036897780918776625	0.1556061757093364	1	1
Group3_vs_Group1	Chlamydia	1.1460424939689404e-4	1.45963886376879e-4	0.23235035442893354	1	1
Group3_vs_Group1	Methanosphaera	0.0011096981449732143	8.186205958017765e-4	-0.15379723122521632	1	1
Group3_vs_Group1	Methanobrevibacter	0.002894444463345259	0.003990819639527828	-0.27408228780396215	1	1
Group3_vs_Group1	Chryseobacterium	0	2.5905606391478704e-5	0.7022659587425131	1	1
Group3_vs_Group1	Chishuiella	1.3899556824289926e-4	0	0	1	1
Group3_vs_Group1	Empedobacter	9.640319246605876e-5	1.2819194346885877e-5	-0.7059603039707194	1	1
Group3_vs_Group1	Myroides	2.8511094110081312e-5	5.5646781678062165e-5	0.048496531136098	1	1
Group3_vs_Group1	Flavobacterium	4.0481481300695866e-4	6.167702925614814e-5	-0.8592767969024249	1	1
Group3_vs_Group1	Anaerocella	0	8.245436401757569e-6	-0.4875095098689801	1	1
Group3_vs_Group1	Alistipes	1.7832886176803104e-6	1.39072484654218e-5	0.7938818761533992	1	1
Group3_vs_Group1	hoa5-07d05 gut group	0	7.616434181471764e-5	0.3790509883545961	1	1
Group3_vs_Group1	CAG-873	0.0010874676041408822	9.326938449704814e-5	0.8157483530199479	1	1
Group3_vs_Group1	Unclassified	0.015346991031720521	0.011328045528092807	-0.27036188440958797	1	1
Group3_vs_Group1	Alkaliflexus	0	1.6041562163637897e-5	-0.8535296660030353	1	1
Group3_vs_Group1	Prevotellaceae UCG-001	1.8431712786201343e-5	8.248818951026367e-5	0.7614137680134976	1	1
Group3_vs_Group1	Prevotellaceae NK3B31 group	0.00204601518699182	0.003535206108096933	0.6408080023077899	1	1
Group3_vs_Group1	Unclassified	3.2707677059902733e-4	2.982060137770103e-4	-0.37033463611597384	1	1
Group3_vs_Group1	Prevotella_9	0.0040515254864001695	0.003517634366624751	0.06713685970274941	1	1
Group3_vs_Group1	Prevotella_7	8.866093498304069e-5	3.087164837416696e-5	-0.41038882511712255	1	1
Group3_vs_Group1	Prevotellaceae UCG-003	1.588318388664164e-4	3.4844189054349236e-4	0.4818201987319419	1	1
Group3_vs_Group1	Proteiniphilum	9.570095976578529e-7	1.2947042247686566e-4	0.5249690245663867	0.24871716273534797	1
Group3_vs_Group1	Petrimonas	0	3.2719459506783146e-6	-0.7230003425624254	1	1
Group3_vs_Group1	Unclassified	0	4.325371293204547e-5	-0.27347196704635474	1	1
Group3_vs_Group1	dgA-11 gut group	9.380607950110823e-5	1.8860889205202043e-4	0.26839591377132377	1	1
Group3_vs_Group1	Rikenellaceae RC9 gut group	5.144912591943801e-4	9.91109917877757e-4	0.480360972496697	1	1
Group3_vs_Group1	Succinivibrio	1.0124630027696479e-4	8.353154391628961e-5	-0.16611791413392524	1	1
Group3_vs_Group1	Pseudomonas	8.126794420016466e-5	4.244408984759736e-6	-0.6563944522903721	1	1
Group3_vs_Group1	Salinisphaera	0	2.8196503317114397e-6	-0.7580646294748306	1	1
Group3_vs_Group1	Unclassified	8.691329182354516e-7	2.716863217080006e-6	0.07166275058122257	1	1
Group3_vs_Group1	Parasutterella	2.3366322795561454e-6	2.2725767549847072e-5	0.8181756295618617	1	1
Group3_vs_Group1	Luteimonas	6.807111170564841e-5	4.22903223956678e-5	-0.7916252502031241	1	1
Group3_vs_Group1	Lysobacter	7.908086570896848e-5	1.0107796313316346e-5	-0.4283492406108845	1	1
Group3_vs_Group1	Wohlfahrtiimonas	1.3364859651489898e-5	2.2484574155053855e-6	-0.18522256443811125	1	1
Group3_vs_Group1	Sphingomonas	2.7281805945069314e-5	5.411041663397496e-7	-0.9764853220645824	1	1
Group3_vs_Group1	Paenochrobactrum	0	1.0861226741946062e-5	-0.9842236922197931	1	1
Group3_vs_Group1	Paracoccus	3.562037651822468e-5	5.136045654523729e-6	-0.9627599915534661	1	1
Group3_vs_Group1	Unclassified	2.1104635346873138e-5	0	0	1	1
Group3_vs_Group1	Aminobacter	4.963403410370506e-6	3.1297423749838182e-6	-0.4578412544554487	1	1
Group3_vs_Group1	Unclassified	1.730281709636977e-6	8.861610275203441e-6	0.8940576329158635	1	1
Group3_vs_Group1	Desulfovibrio	5.927754378615597e-6	8.499575850043108e-6	-0.3049440202790387	0.47430082081628666	1
Group3_vs_Group1	Pseudoramibacter	0.0023866254469753607	0.0014343796551573868	-0.6498872159233308	1	1
Group3_vs_Group1	Anaerofustis	9.558888523198753e-5	1.0170878838643453e-4	0.049602423275889346	1	1
Group3_vs_Group1	Unclassified	0	8.636337071562675e-5	0.03864475938468399	0.929759168892041	1
Group3_vs_Group1	Family XIII AD3011 group	0.003543958599588391	0.0029880668651001622	-0.2613717609308336	1	1
Group3_vs_Group1	Family XIII UCG-001	4.5389936990095236e-5	8.886692012034301e-5	-0.18302603790350996	1	1
Group3_vs_Group1	Proteocatella	1.228862746292019e-4	1.0496763985264026e-5	-0.5393796754338717	1	1
Group3_vs_Group1	Unclassified	8.032053770706526e-5	0	0	1	1
Group3_vs_Group1	Terrisporobacter	0.031155334685777646	0.08024059157553733	0.940309700562801	1	1
Group3_vs_Group1	Unclassified	0	2.9203217441628923e-5	0.21017863621725236	1	1
Group3_vs_Group1	Tissierella	4.853226154289622e-6	3.498369311073919e-5	0.5583745110444032	1	1
Group3_vs_Group1	Murdochiella	0	5.31170142274745e-4	-0.7738242867882066	1	1
Group3_vs_Group1	Gallicola	9.994387644802966e-4	7.29983871057512e-4	0.3682083861929456	1	1
Group3_vs_Group1	Clostridium sensu stricto 5	2.461467484717803e-6	9.350905340930896e-6	-0.024401684054895366	0.9529638326176324	1
Group3_vs_Group1	Clostridium sensu stricto 1	0.062184184812568995	0.14163988003492925	0.7344408974120388	1	1
Group3_vs_Group1	Proteiniclasticum	8.851672914707097e-6	3.4458586667449004e-5	0.46703038656046575	0.27517939326926977	1
Group3_vs_Group1	Christensenella	5.237736079049817e-6	2.804617664054053e-5	-0.2324959502800359	1	1
Group3_vs_Group1	Christensenellaceae R-7 group	0.00283378767814951	0.004273909450024165	-0.4472149552095129	0.4203228627132324	1
Group3_vs_Group1	Unclassified	1.8668595914266817e-5	2.692637917752401e-5	0.4257319034677079	1	1
Group3_vs_Group1	Unclassified	4.5456138847198204e-5	1.2385376525680773e-4	0.5593125895859378	1	1
Group3_vs_Group1	Unclassified	4.234101656081698e-6	9.830927705323841e-7	-0.24804896501180715	1	1
Group3_vs_Group1	Monoglobus	1.797342264229139e-4	2.0747939163340292e-4	0.10190468987532413	1	1
Group3_vs_Group1	UCG-009	6.860300561945906e-5	2.5578335381854574e-4	0.27227955373380514	1	1
Group3_vs_Group1	Intestinimonas	9.019861580407214e-4	7.367275243555537e-4	-0.47471437198120103	0.327990122664673	1
Group3_vs_Group1	Pseudoflavonifractor	1.6406408564018306e-5	3.585005631256728e-5	0.4408907324696855	1	1
Group3_vs_Group1	UCG-005	0.0012501243990272798	0.0035497330933922148	0.9143520235269478	1	1
Group3_vs_Group1	UCG-007	0	1.788220340772354e-5	0.5410740923405258	1	1
Group3_vs_Group1	UCG-003	2.3673224201287153e-6	6.134866472380633e-6	0.40718737176756764	1	1
Group3_vs_Group1	Oscillibacter	4.0704426087510146e-5	6.497025904096015e-5	0.42566684712555686	1	1
Group3_vs_Group1	Oscillospira	2.018227635947278e-5	8.128810648323485e-5	0.23654595565262432	1	1
Group3_vs_Group1	UCG-002	0.0035901913965081388	0.007980251590376219	0.013825631807329044	0.9780217516604215	1
Group3_vs_Group1	Colidextribacter	1.4472869505898557e-4	3.1467641559527337e-4	0.39342234359913736	1	1
Group3_vs_Group1	Butyricicoccus	2.45194848466928e-4	2.442974861589935e-4	-0.06919823804835534	1	1
Group3_vs_Group1	Fastidiosipila	0	6.211611919684564e-4	-0.0860192342799717	1	1
Group3_vs_Group1	Papillibacter	5.5989352376816545e-6	2.155376286251276e-5	0.5170833456796632	1	1
Group3_vs_Group1	Unclassified	5.570634512603133e-4	0.0010594742923487098	0.18818581666436943	1	1
Group3_vs_Group1	Acetanaerobacterium	5.8602689525066505e-5	6.029445994296168e-5	-0.06265432560412824	1	1
Group3_vs_Group1	Negativibacillus	5.1376049100377034e-5	4.518427403898055e-4	1.0438380934687996	1	1
Group3_vs_Group1	Unclassified	1.3346086999089462e-5	3.982667291407444e-5	-0.15013287546411486	1	1
Group3_vs_Group1	UBA1819	5.219623486106227e-4	3.6070649373622836e-4	-0.6231756781618196	1	1
Group3_vs_Group1	Subdoligranulum	0.013631849759576549	0.029287004072773994	0.6926087430023283	1	1
Group3_vs_Group1	Faecalibacterium	3.8928825997002967e-4	8.022999117103866e-4	0.7717741924757215	1	1
Group3_vs_Group1	Pygmaiobacter	1.5043869451594095e-5	5.6269161656783506e-5	0.17644557713812958	1	1
Group3_vs_Group1	Fournierella	0.001043781907541367	0.0018249469371793663	0.504006985181733	1	1
Group3_vs_Group1	Unclassified	0.0014747101152887787	0.003239365050188379	0.6739938692740032	1	1
Group3_vs_Group1	DTU089	5.9561023195277075e-6	3.848343943765363e-5	0.689162386783732	1	1
Group3_vs_Group1	CAG-352	0	2.417730179390483e-4	-0.4643238905605726	1	1
Group3_vs_Group1	Caproiciproducens	2.9070286585202714e-5	2.2061509212005078e-4	0.5372117080133955	1	1
Group3_vs_Group1	[Eubacterium] siraeum group	4.5211065408780863e-4	0.0011464376636926036	0.45072244919723203	1	1
Group3_vs_Group1	Lachnospiraceae UCG-007	1.2697542009817739e-6	1.3381654998932565e-5	0.9727976635529109	1	1
Group3_vs_Group2	Unclassified	2.6804922239142012e-6	8.094130477383296e-5	3.7601478072590675	1.1013687080245349e-5	6.728800062894421e-5
Group3_vs_Group2	Micrococcus	2.5111261892243056e-4	7.9248282546616e-6	-1.7429074128837878	0.0011589785511550521	0.0059217882175805585
Group3_vs_Group2	TM7a	0.002371205106742538	7.101893667651408e-5	-2.02744980378373	0.001511932706999182	0.00772520361240458
Group3_vs_Group2	Dysgonomonas	0.0031144245229878078	7.244308470760391e-5	-1.8195772251761737	0.005032068593938281	0.02571129938508611
Group3_vs_Group2	Devosia	1.6966491851202673e-5	3.2985805877872695e-7	-1.5324363461022577	0.0054314878095430424	0.02775212749401555
Group3_vs_Group2	Unclassified	9.578553945223927e-6	7.097198424645118e-5	1.626313075665884	0.0054416088002138185	0.02780384058503411
Group3_vs_Group2	Cellulosilyticum	2.0623793866260146e-5	2.9645149829676584e-5	1.89530512311103	0.005996738968494745	0.03064027210179797
Group3_vs_Group2	Kurthia	6.91526750182684e-4	9.3823422314965e-6	-1.5849824253034694	0.006566229560450116	0.033550078046095486
Group3_vs_Group2	Proteiniphilum	0.002029380207853051	1.2947042247686566e-4	-1.6725109772076054	0.007670490225091775	0.039192285821636814
Group3_vs_Group2	Unclassified	2.910711042959688e-6	0	1.5820677837608383	0.008669509859095625	0.044296765703408306
Group3_vs_Group2	Unclassified	3.3193678494075326e-6	1.816884944638087e-5	2.2602278722384033	0.0075761514876915275	0.04628641456348766
Group3_vs_Group2	Staphylococcus	0.004566396807887464	5.082057295182456e-4	-1.7201509902262573	0.009299664536701762	0.05681619866583486
Group3_vs_Group2	Lachnospiraceae XPB1014 group	0.0011047637676819394	0.00277868939907894	-1.7645255066541092	0.011441221564425003	0.058458796314580314
Group3_vs_Group2	Alkalibacterium	8.87979297396952e-6	4.654328039962028e-6	-2.0570767633033613	0.010780383476343918	0.06586263481532745
Group3_vs_Group2	Candidatus Saccharimonas	0.003300857870070438	5.546104056082138e-4	-1.6787269858172185	0.01289616837910653	0.06589283113412096
Group3_vs_Group2	Frisingicoccus	1.2522536596704526e-5	9.178154806690322e-5	1.3929328350702261	0.014807892075127853	0.07566076242766057
Group3_vs_Group2	Lachnospiraceae UCG-004	2.0792572911302194e-5	5.1315153525112425e-6	-1.5517158136616749	0.014655056460494826	0.08953490698857058
Group3_vs_Group2	Lactococcus	3.1356831247714146e-6	2.9786928740795155e-5	1.5997209342497687	0.017753120416579515	0.0907093743912822
Group3_vs_Group2	Acidaminococcus	1.7842967341936116e-5	1.8556786264251483e-6	-1.5510947796655978	0.015394876218540412	0.09405482770013376
Group3_vs_Group2	Solibacillus	5.692120449408434e-6	0	1.2987877902951204	0.019894896975732542	0.10165275827016629
Group3_vs_Group2	Unclassified	2.1793566162237133e-6	2.5730039058304645e-5	1.7787841981696169	0.017633962947187835	0.10773450355325707
Group3_vs_Group2	Coprococcus	7.93654893372875e-4	0.002225481012229524	1.2124850952302708	0.02881561722579016	0.11841746348992599
Group3_vs_Group2	Alloiococcus	1.296453151156095e-4	5.196591395272484e-5	-1.2603121984612975	0.025268437485503403	0.12910880467045535
Group3_vs_Group2	Glutamicibacter	7.868368329999684e-5	7.666336525414171e-6	-1.1403895524209442	0.032708870282902536	0.134416744301271
Group3_vs_Group2	Unclassified	0.001769917715726294	0.0060571631378112155	1.2779265591230482	0.02789346994845666	0.17041484924714034
Group3_vs_Group2	Stenotrophomonas	0.0020404677333113294	3.064074608333018e-5	-1.2260884228105244	0.034165664265149776	0.17060100453490695
Group3_vs_Group2	Intestinibacter	0.017532336127148586	0.023794242996924307	1.3300183609512581	0.04248757946945678	0.1746022426372567
Group3_vs_Group2	Erysipelotrichaceae UCG-006	0.002541306390046986	7.061121088037857e-4	-1.1389645954218834	0.028757818745145654	0.1756955787568388
Group3_vs_Group2	Leucobacter	7.365762851072691e-4	1.1742208384001359e-4	-1.1368314965284807	0.03469005408550444	0.17724845153177454
Group3_vs_Group2	Brachybacterium	3.6122455656357463e-4	4.399677264224872e-5	-1.1134111986461235	0.03530386339872726	0.18038470349714658
Group3_vs_Group2	[Ruminococcus] gauvreauii group	0.0057859758180878774	0.013158230678350862	1.2343428866322963	0.03611850632451171	0.18454711260699416
Group3_vs_Group2	Desulfovibrio	5.7132203210293246e-5	8.499575850043108e-6	-1.1118051503549324	0.03525757931001277	0.21540579476263277
Group3_vs_Group2	Fermentimonas	4.219711956465411e-4	5.386482864324136e-5	-1.1533074716352807	0.04341437011353403	0.2218252487552834
Group3_vs_Group2	Unclassified	1.798506871738768e-4	2.0709529690521152e-5	-1.093339294370805	0.04393749325193688	0.22449814070332716
Group3_vs_Group2	Lachnospiraceae ND3007 group	4.8794492309637693e-4	6.623835438463114e-5	-1.115279094613785	0.04888670185507632	0.24978606787265276
Group3_vs_Group2	Fusobacterium	9.059503982775959e-6	1.1305959621868828e-6	-1.1280734367809275	0.049202737097549167	0.2514008464838279
Group3_vs_Group2	Brevundimonas	1.1830522129731888e-4	1.2102840550651048e-5	-0.9608732295701086	0.06616215353772126	0.2718926455601246
Group3_vs_Group2	Christensenellaceae R-7 group	5.454817525017948e-4	0.004273909450024165	1.219650837911223	0.056644683578844265	0.2894253905488393
Group3_vs_Group2	Aerosphaera	0.0024369350078243374	4.7628881991854864e-4	-1.1428559241738583	0.0704324538816327	0.2894413980683154
Group3_vs_Group2	Proteiniclasticum	0.0013278161860440952	3.4458586667449004e-5	-1.1335353175157874	0.06177639458437317	0.31564581174497247
Group3_vs_Group2	Unclassified	5.0717768845818936e-5	1.2308755740084275e-5	-1.1280065695795451	0.06895024057119258	0.3523004992688672
Group3_vs_Group2	Unclassified	8.489953625381176e-6	3.5219923024138905e-6	-0.9721258117370152	0.08846382707011614	0.3635411287625941
Group3_vs_Group2	Dietzia	3.458605495399782e-4	5.832316245670692e-5	-0.9766314974434186	0.07372355231625242	0.37668968336771314
Group3_vs_Group2	Pseudochrobactrum	1.771282619707858e-4	2.205428488711822e-5	-0.9288150249796078	0.08325523969765557	0.42539173568145183
Group3_vs_Group2	Candidatus Soleaferrea	1.2408787734544377e-4	3.9748938111736553e-4	0.9003187559429607	0.0845776779449195	0.432148719426596
Group3_vs_Group2	Streptococcus	0.005683687038334212	0.006923788417944328	1.0653061036203928	0.11289067787206301	0.46392300468592323
Group3_vs_Group2	Unclassified	1.643330394803266e-4	3.0394804936427104e-5	-0.8708843844798451	0.1165282013679355	0.47887136766531163
Group3_vs_Group2	Gemmobacter	3.143597849429624e-4	2.6744616129608687e-5	-0.8809423478982703	0.1021660269671593	0.5220161961825658
Group3_vs_Group2	Incertae Sedis	7.527768030696142e-4	0.0015561471040805351	0.8405507769801537	0.10217213604196262	0.5220474104333858
Group3_vs_Group2	Marvinbryantia	2.084911798827721e-4	5.989169507155203e-4	0.7993429458157933	0.13161646669101312	0.5408764288105138
Group3_vs_Group2	Unclassified	1.1777557038016051e-5	4.467942268360383e-5	0.8261441579813491	0.10724493973906021	0.5479668453820595
Group3_vs_Group2	[Eubacterium] ruminantium group	8.814800144874977e-5	1.356387851854398e-4	0.8833792483939397	0.11089775683863161	0.5666308743579718
Group3_vs_Group2	Defluviitaleaceae UCG-011	1.0744853115458103e-4	2.979364593466735e-4	0.8622105274278018	0.12517665560230415	0.5775967649183553
Group3_vs_Group2	Jonesia	6.160257058360764e-5	1.4898438092445703e-6	-0.8661873357059207	0.11313120716439073	0.5780426643436023
Group3_vs_Group2	Campylobacter	4.09196646836479e-6	2.2026677657612122e-5	0.7417640679645614	0.14179542289864255	0.5827067378973414
Group3_vs_Group2	Flaviflexus	6.902270737883192e-4	2.3114168402998503e-4	-0.765785295762065	0.14946378532171076	0.6142197893147676
Group3_vs_Group2	Unclassified	4.272702460503232e-4	0.0017341640873831767	0.9010709528668208	0.13283101353718754	0.678698609314097
Group3_vs_Group2	Arcobacter	1.5792348887474758e-5	1.6541880765675518e-6	-0.6793635984151496	0.17761408807724546	0.7299031502736438
Group3_vs_Group2	Paludicola	3.3884108171682834e-4	5.268011579636463e-4	0.684898108218791	0.17884920253481593	0.7349788396138787
Group3_vs_Group2	Lachnospiraceae AC2044 group	1.1704717311886123e-4	4.099796534820952e-4	0.8344780219227957	0.14766195277928823	0.754477130989064
Group3_vs_Group2	Escherichia-Shigella	1.5939826998919443e-4	2.7800116664766475e-5	-0.674568171934053	0.20043369035108488	0.823680055968327
Group3_vs_Group2	Blautia	0.010543790308975641	0.010990019075300344	0.7453449540218458	0.20288524698889007	0.8337547011295264
Group3_vs_Group2	Acinetobacter	0.01327948781260385	0.0022199767419109314	-0.8132282014381342	0.20700496310268626	0.8506846293927911
Group3_vs_Group2	W5053	0.005653049628148048	0.0025517858385987607	-0.7771380484084491	0.2109742232655457	0.8669962605730092
Group3_vs_Group2	Corynebacterium	0.030043489572256183	0.012256481541907761	-0.8605487539626377	0.1709749385976212	0.8735945767761668
Group3_vs_Group2	Anaerofilum	5.409241898177504e-6	9.240000562598038e-6	0.6012722238716424	0.2162515730328616	0.8886834716605919
Group3_vs_Group2	Brevibacterium	4.930751815606074e-4	7.046819221098268e-5	-0.7932121175704746	0.17555740804997666	0.8970086542699538
Group3_vs_Group2	Unclassified	0.0013210555249198806	0.0019312366156146457	0.6668077932011055	0.2219268922518261	0.9120061338523949
Group3_vs_Group2	Globicatella	0.001419660143838741	5.929190010323958e-4	-0.7739833906235596	0.22306956025622066	0.9167019155054908
Group3_vs_Group2	[Eubacterium] nodatum group	7.780822460401763e-5	1.6553201117905502e-4	0.6269332842078184	0.22899261934129386	0.9410426619645873
Group3_vs_Group2	Anaerovibrio	3.997286748581479e-4	1.4623800384002352e-4	-0.6860555974830687	0.22943438678272615	0.9428581004282834
Group3_vs_Group2	Alloprevotella	4.552922788249846e-4	9.892896294142715e-4	0.80331063768006306	0.1869834946953023	0.9553901188811067
Group3_vs_Group2	Unclassified	2.8797831537194995e-4	2.3668237103588314e-4	-0.755137822438761	0.2351703427413282	0.9664299486377211
Group3_vs_Group2	Fusicatenibacter	4.051787518982416e-5	1.5566915318423888e-4	0.502723193035514	1	1
Group3_vs_Group2	Lachnospiraceae FCS020 group	2.4109114056755986e-5	8.136452235123781e-5	0.7012189017433867	1	1
Group3_vs_Group2	Lachnospiraceae UCG-002	1.130585267688858e-4	1.595077371126733e-4	0.35596103462125306	1	1
Group3_vs_Group2	[Ruminococcus] torques group	0.0036939151339313372	0.0014530260291423405	-0.4447807242779687	1	1
Group3_vs_Group2	Shuttleworthia	3.7653067122312155e-4	3.0893905668880663e-4	0.27077896621430453	1	1
Group3_vs_Group2	Roseburia	5.1605392749393817e-5	4.1805174686826294e-5	0.007756180939142876	0.9879247927708341	1
Group3_vs_Group2	Agathobacter	2.2676047461138435e-4	1.2221080221613847e-4	-0.07322031298261722	0.888172318118762	1
Group3_vs_Group2	[Eubacterium] fissicatena group	9.21064105207469e-6	2.1315493873273222e-5	0.014251017843134761	0.9760908793263386	1
Group3_vs_Group2	Lachnoclostridium	7.475911325085907e-5	1.028520122972712e-4	-0.07236774879244745	0.8918391611589364	1
Group3_vs_Group2	Lachnospiraceae UCG-003	8.164606022750079e-5	3.872861468348183e-5	-0.09960265696639548	0.8376908035043291	1
Group3_vs_Group2	Butyrivibrio	6.882482698236443e-5	7.686704691558496e-5	0.3893517224873121	1	1
Group3_vs_Group2	Oribacterium	2.546695783282648e-5	6.454652710728255e-5	0.5785223135374484	1	1
Group3_vs_Group2	Syntrophococcus	7.674503823295289e-4	8.75471724963244e-4	0.5047031542211763	0.40334724361874796	1
Group3_vs_Group2	Lachnospiraceae NK3A20 group	4.978939188924599e-4	7.455653371404682e-4	0.9804901023426246	1	1
Group3_vs_Group2	Acetitomaculum	3.230709467202004e-6	1.1281375034799342e-5	0.3852841594183491	1	1
Group3_vs_Group2	Anaerostipes	1.2010199065389794e-4	3.253990477108584e-4	0.18359215403218743	1	1
Group3_vs_Group2	Howardella	3.532908935570637e-5	8.008843140935539e-5	0.44260269019047505	0.3835493185779134	1
Group3_vs_Group2	[Bacteroides] pectinophilus group	4.773392441443569e-5	3.568042214230881e-5	-0.4271123297751853	0.38663973887641057	1
Group3_vs_Group2	[Eubacterium] xylanophilum group	3.619285946580912e-5	5.000671478565459e-5	0.1960607459501861	1	1
Group3_vs_Group2	[Eubacterium] hallii group	0.0014131812536768563	0.0021928777701501275	-0.013957257590056837	0.9822278937367807	1
Group3_vs_Group2	[Eubacterium] eligens group	0.001077287629572641	5.819864527662038e-4	-0.19778261220719848	1	1
Group3_vs_Group2	Lachnospira	5.886719315383823e-4	8.763883120885862e-5	-0.42849792223458477	1	1
Group3_vs_Group2	[Eubacterium] ventriosum group	2.2816655793273516e-5	4.3939462370643486e-6	-0.5259197951373165	1	1
Group3_vs_Group2	Dorea	0.005763740082339795	0.006662216625114096	0.4291940425392954	1	1
Group3_vs_Group2	Tuzzerella	9.685871241242484e-6	1.6882581211508116e-5	-0.14408802984859337	1	1
Group3_vs_Group2	Lachnospiraceae UCG-010	2.6169699782456685e-4	2.7622936652777006e-4	-0.11380277024308172	0.844835731462691	1
Group3_vs_Group2	Unclassified	0.04697422643547555	0.0240395439923722	-0.22870580755133973	0.7564737610152588	1
Group3_vs_Group2	Schwartzia	1.96224817267528e-5	1.9290950613618635e-5	-0.7629789315489119	1	1
Group3_vs_Group2	Mitsuokella	4.5918126284787624e-4	2.809644947655237e-4	-0.8003267489529667	0.1965454098377015	1
Group3_vs_Group2	Megasphaera	1.8879571116307766e-4	1.4849397657736263e-4	0.08157861373850148	1	1
Group3_vs_Group2	Dialister	7.2443735706045445e-6	1.83604954647567e-5	1.348096149095185	1	1
Group3_vs_Group2	Phascolarctobacterium	5.140679745115623e-4	5.018037783675841e-4	0.13359556576565934	0.8031905976238332	1
Group3_vs_Group2	Unclassified	0.01292064401640201	0.00359350335130999	-0.6657588728410958	0.30003758395245916	1
Group3_vs_Group2	Catenibacterium	0.0035714872005886337	0.003457461040108544	0.05823716596684725	0.9176705025836122	1
Group3_vs_Group2	Erysipelotrichaceae UCG-003	0	4.9732171537711896e-5	-0.4788792681043069	1	1
Group3_vs_Group2	UCG-004	1.0414775257523847e-4	4.926241001924137e-5	-0.0056150838122484	1	1
Group3_vs_Group2	Erysipelotrichaceae UCG-009	5.70987348593581e-4	7.227098813649603e-4	-0.5066329362614448	0.41005215117094806	1
Group3_vs_Group2	Solobacterium	0.0021739562412768313	0.002172078266396112	0.19259381145058818	1	1
Group3_vs_Group2	Erysipelothrix	0.0010476444582007399	2.29145967385575e-4	-0.6560661663558331	0.28575158816660234	1
Group3_vs_Group2	Holdemania	1.1360410424823188e-5	3.018660139664121e-4	-0.14205691213784066	1	1
Group3_vs_Group2	Unclassified	0.0038677902609048345	0.0027838760214724543	-0.18288382142651072	0.713393857763116	1
Group3_vs_Group2	Breznakia	5.395057344958333e-4	7.83324796199723e-5	-0.25139681553430204	1	1
Group3_vs_Group2	Holdemanella	0.004904236047120051	0.00575767519238368	0.5520559679330456	0.29947862557984833	1
Group3_vs_Group2	Faecalicoccus	7.532945204990095e-5	4.780511696972596e-5	-0.0857479316069753	1	1
Group3_vs_Group2	Catenisphaera	0.018105379509889424	0.01816231473786503	0.5490283893595499	0.33987598434209376	1
Group3_vs_Group2	[Anaerorhabdus] furcosa group	3.1230357600960546e-4	2.310835861234414e-4	-0.14498724085773618	0.7990784050973002	1
Group3_vs_Group2	Mycoplasma	1.688945336639913e-5	3.346157992420446e-5	0.3223232712328198	1	1
Group3_vs_Group2	Unclassified	2.1414353489698964e-5	3.41413014045657e-5	0.28078701130844086	1	1
Group3_vs_Group2	ZOR0006	4.0553599161213234e-5	8.103994653138494e-6	-0.5113741913762158	1	1
Group3_vs_Group2	Jeotgalibaca	0.002783608779799645	0.0021977575533567405	-0.08173684075827836	0.8939482091165261	1
Group3_vs_Group2	Lacticigenium	2.3589266626372863e-5	4.926920280004178e-5	-0.04463634504705605	1	1
Group3_vs_Group2	Atopostipes	4.248884200796071e-4	0.0012114508413402047	0.6901105175851181	0.2629245410419314	1
Group3_vs_Group2	Vagococcus	1.0821483913946185e-4	4.058923093875171e-5	-0.012598093605289407	0.9794242789927389	1
Group3_vs_Group2	Enterococcus	0.0015824306511689071	0.001970128439473748	0.4742357371720425	0.4204247502365638	1
Group3_vs_Group2	Desemzia	0	0	NA	1	1
Group3_vs_Group2	Weissella	0.0014236676133458554	0.0027541047629262784	0.6913002101547425	0.30796946669849357	1
Group3_vs_Group2	Ligilactobacillus	4.463649457355281e-4	0.0017752405632845945	1.3249254498122522	1	1
Group3_vs_Group2	Limosilactobacillus	0.01342340561928045	0.019913159011775927	0.1512059569937403	0.8180112184031167	1
Group3_vs_Group2	HT002	0.09762375764056522	0.09534788505792599	0.09405705791419083	1	1
Group3_vs_Group2	Lactobacillus	0.13656788202135567	0.189811356212247	0.20083251369305377	0.744508771219517	1
Group3_vs_Group2	Companilactobacillus	2.079110140859712e-6	2.977755298341934e-5	0.12174536771585297	1	1
Group3_vs_Group2	Facklamia	0.004057214962833044	0.00766619547361909	0.5829525591134082	0.3401240781845203	1
Group3_vs_Group2	Unclassified	0.002601224421294033	0.0023792016705415533	-0.18839876524864363	0.7657432087626634	1
Group3_vs_Group2	Ignavigranum	0.003989927080545879	0.0039137931123000985	-0.2633840831984125	1	1
Group3_vs_Group2	Aerococcus	0.006245957973869179	0.00810737014363574	0.6007415145987118	1	1
Group3_vs_Group2	Salinicoccus	5.8673562274526566e-5	6.642136854997444e-6	-0.41649511139110124	1	1
Group3_vs_Group2	Corticicoccus	1.5558886624073096e-5	0	0.07957550257067059	1	1
Group3_vs_Group2	Jeotgalicoccus	0.002141465170318724	6.527225095790228e-4	-0.724448176239358	0.2463877583344172	1
Group3_vs_Group2	Caryophanon	2.274880460141281e-4	1.541798038217313e-5	-0.6250736155619381	1	1
Group3_vs_Group2	Bacillus	1.650074065321153e-5	2.4324685950533838e-5	-0.12584022392773186	1	1
Group3_vs_Group2	Turicibacter	0.004801588422593666	0.0027668211345979374	-0.6813610321898176	1	1
Group3_vs_Group2	Peptococcus	0.001151560722815241	0.0010040805011957345	0.18543344649568216	0.721886359337653	1
Group3_vs_Group2	Unclassified	6.760047082963543e-5	1.169394687086967e-4	0.536291627180326	0.32092189167218976	1
Group3_vs_Group2	Actinomyces	2.566427269054486e-5	2.5680228272618646e-6	-0.5260789338503264	1	1
Group3_vs_Group2	Rhodococcus	1.353544073616391e-5	2.027911614172276e-6	-0.7913939771024205	1	1
Group3_vs_Group2	Propioniciclava	1.939704556605846e-5	2.0509741244128116e-5	0.8231575341152533	1	1
Group3_vs_Group2	Tessaracoccus	1.0306343168372333e-4	2.2548545404527705e-5	-0.8912593071561841	1	1
Group3_vs_Group2	Arcanobacterium	1.9871110382379293e-5	1.3658306014178302e-5	0.06702560237768791	1	1
Group3_vs_Group2	Knoellia	3.7408815983218293e-4	8.409195605640346e-5	-0.03434843196866445	1	1
Group3_vs_Group2	Sanguibacter-Flavimobilis	3.122010024096251e-4	4.777203718016643e-5	-0.47408942603278414	1	1
Group3_vs_Group2	Georgenia	1.4755209745761334e-5	0	0.6654912123871605	1	1
Group3_vs_Group2	Rothia	4.7248841172826115e-5	3.869098820951791e-5	0.04041527132282208	0.933835906313367	1
Group3_vs_Group2	Gulosibacter	8.719201956410141e-5	0	NA	1	1
Group3_vs_Group2	Microbacterium	6.217293491596921e-5	9.290085172325773e-6	-0.051939737030094246	0.9129653083656688	1
Group3_vs_Group2	Unclassified	4.1240599085528825e-4	5.65006186353285e-4	0.6261731162131009	0.30661256006406934	1
Group3_vs_Group2	Unclassified	5.840912069695214e-5	4.455173580864006e-6	-0.7640827791065206	1	1
Group3_vs_Group2	Collinsella	0.004837909286747045	0.0038144554247470123	0.006617750756363505	0.9896904977243057	1
Group3_vs_Group2	Libanicoccus	0.0010080391254698117	3.4072813383536233e-4	-0.28550045986911643	1	1
Group3_vs_Group2	Atopobium	1.4808506479126257e-5	2.0538741528680496e-5	-0.05465630922826166	1	1
Group3_vs_Group2	Olsenella	0.0014509172582945894	0.0024402954614057334	0.5632171562984523	1	1
Group3_vs_Group2	Gordonibacter	1.2578302893089578e-5	2.291546333515102e-6	-0.8258850523571715	1	1
Group3_vs_Group2	Unclassified	0.0021301191971136156	0.0023406528954193076	0.5016003231285111	1	1
Group3_vs_Group2	Senegalimassilia	0.00100693850484188	8.418216849234831e-4	0.5128240977148253	1	1
Group3_vs_Group2	Enterorhabdus	0.001715920211896348	0.0015268042152362744	0.3841383796589149	1	1
Group3_vs_Group2	Slackia	3.751464835640573e-4	5.101609093071457e-4	0.2753579601530408	1	1
Group3_vs_Group2	Unclassified	7.918937217004801e-5	5.972300497492803e-5	-0.018374304802642294	1	1
Group3_vs_Group2	Elusimicrobium	9.7537859525571e-6	6.734226894001756e-5	0.5869942242630709	1	1
Group3_vs_Group2	Sphaerochaeta	7.798945070226176e-6	4.457279948434843e-5	0.9888348631295935	1	1
Group3_vs_Group2	Treponema	0.0011983096339951487	0.0036897780918776625	0.608335885535546	1	1
Group3_vs_Group2	Chlamydia	1.4974232651951975e-4	1.45963886376879e-4	-0.17414996067418786	1	1
Group3_vs_Group2	Helicobacter	9.155772530651657e-6	1.0336140849108502e-5	0.04846805425377598	0.9190959980843474	1
Group3_vs_Group2	Methanosphaera	9.72220411286152e-4	8.186205958017765e-4	0.005063383007815059	1	1
Group3_vs_Group2	Methanobrevibacter	0.002075706144312135	0.003990819639527828	0.26592924791823525	1	1
Group3_vs_Group2	Chryseobacterium	3.420252018978199e-5	2.5905606391478704e-5	0.7022659587425131	1	1
Group3_vs_Group2	Chishuiella	4.848912547213627e-5	0	0.3148789665799905	1	1
Group3_vs_Group2	Empedobacter	6.5615247629608534e-6	1.2819194346885877e-5	-0.1443907618076974	1	1
Group3_vs_Group2	Myroides	0.0010773571356319088	5.5646781678062165e-5	-0.7754983584694657	1	1
Group3_vs_Group2	Flavobacterium	0.0025636131953659263	6.167702925614814e-5	-0.8036724454987241	1	1
Group3_vs_Group2	Anaerocella	1.908721473954183e-4	8.245436401757569e-6	-0.4875095098689801	1	1
Group3_vs_Group2	Alistipes	6.305127966978803e-6	1.39072484654218e-5	0.44503151378072636	1	1
Group3_vs_Group2	hoa5-07d05 gut group	1.455244048760304e-5	7.616434181471764e-5	0.3790509883545961	1	1
Group3_vs_Group2	CAG-873	1.2098788852158279e-4	9.326938449704814e-5	0.9685764940017239	1	1
Group3_vs_Group2	Unclassified	0.00892675807010584	0.011328045528092807	0.22359320080340223	1	1
Group3_vs_Group2	Alkaliflexus	6.063667710520354e-4	1.6041562163637897e-5	-0.8535296660030353	1	1
Group3_vs_Group2	Parabacteroides	0.023735129313816813	0.027686947522032018	0.4467056056098846	0.5088355393683114	1
Group3_vs_Group2	Bacteroides	9.86242161594033e-4	0.0015734328192891411	0.5325902132188672	0.3881884191853884	1
Group3_vs_Group2	Prevotellaceae UCG-004	3.296807028309794e-4	1.554278179818582e-4	-0.29680048466843845	0.6124682900570366	1
Group3_vs_Group2	Prevotellaceae UCG-001	5.799674583020211e-5	8.248818951026367e-5	0.0885948337045569	1	1
Group3_vs_Group2	Prevotellaceae NK3B31 group	0.012305451196467882	0.003535206108096933	0.044052997551343065	1	1
Group3_vs_Group2	Prevotella	0.007610469875329048	0.0050861283276123865	-0.3974075734932183	0.539253684352144	1
Group3_vs_Group2	Unclassified	3.7618618191017104e-4	2.982060137770103e-4	-0.552308581535142	1	1
Group3_vs_Group2	Prevotella_9	0.00360985553620943	0.003517634366624751	0.023515060318284375	1	1
Group3_vs_Group2	Prevotella_7	5.8921142773854073e-5	3.087164837416696e-5	-0.155467144816112	1	1
Group3_vs_Group2	Prevotellaceae UCG-003	6.310758712917649e-4	3.4844189054349236e-4	-0.2802788185626803	1	1
Group3_vs_Group2	Petrimonas	3.139936515761092e-5	3.2719459506783146e-6	-0.7230003425624254	1	1
Group3_vs_Group2	Unclassified	5.118539395184287e-5	4.325371293204547e-5	-0.27347196704635474	1	1
Group3_vs_Group2	dgA-11 gut group	2.12739984180415e-4	1.8860889205202043e-4	-0.34049910533314864	1	1
Group3_vs_Group2	Rikenellaceae RC9 gut group	9.729610602233414e-4	9.91109917877757e-4	0.05964815285165942	1	1
Group3_vs_Group2	Sphingobacterium	1.1643258967369526e-4	1.5733096030960368e-5	-0.3025563140285552	0.5545801428333612	1
Group3_vs_Group2	Succinivibrio	3.825606523343151e-5	8.353154391628961e-5	0.15981026521400588	1	1
Group3_vs_Group2	Pseudomonas	4.018730069107372e-4	4.244408984759736e-6	-0.570369034717068	1	1
Group3_vs_Group2	Salinisphaera	1.1466989868952881e-5	2.8196503317114397e-6	-0.7580646294748306	1	1
Group3_vs_Group2	Comamonas	2.593744874940936e-4	1.0028117852089515e-5	-0.5611487944402047	0.2768675021905615	1
Group3_vs_Group2	Unclassified	2.04307269304565e-5	2.716863217080006e-6	-0.8488097304986355	1	1
Group3_vs_Group2	Parasutterella	3.277789411290602e-5	2.2725767549847072e-5	0.14273009289596006	1	1
Group3_vs_Group2	Luteimonas	3.006121380588293e-4	4.22903223956678e-5	-0.802311369343828	1	1
Group3_vs_Group2	Lysobacter	1.5889542233722982e-4	1.0107796313316346e-5	-0.8253117443100444	1	1
Group3_vs_Group2	Wohlfahrtiimonas	7.417005434077656e-6	2.2484574155053855e-6	-1.5838901273050756	1	1
Group3_vs_Group2	Sphingomonas	3.7630665247260247e-6	5.411041663397496e-7	-0.390212019883036	1	1
Group3_vs_Group2	Paenochrobactrum	5.48091091419417e-5	1.0861226741946062e-5	-0.9842236922197931	1	1
Group3_vs_Group2	Paracoccus	8.842539247010079e-5	5.136045654523729e-6	-0.7527888532255929	1	1
Group3_vs_Group2	Unclassified	1.7771867422523336e-5	0	0.48118792838660007	1	1
Group3_vs_Group2	Aminobacter	8.079468287856783e-6	3.1297423749838182e-6	-0.7044439171951375	1	1
Group3_vs_Group2	Unclassified	5.206080823402022e-6	8.861610275203441e-6	0.5711051040320845	1	1
Group3_vs_Group2	Mailhella	3.769767591134464e-5	4.4289109014420486e-5	0.010823897815756434	0.9823017589155629	1
Group3_vs_Group2	Pseudoramibacter	0.005223598053996203	0.0014343796551573868	-1.334396115372237	1	1
Group3_vs_Group2	Eubacterium	0.026951293042759724	0.02392585656313922	0.6610202805678296	0.31743136040194064	1
Group3_vs_Group2	Anaerofustis	5.51726120621201e-5	1.0170878838643453e-4	0.3648347117684051	1	1
Group3_vs_Group2	Unclassified	1.179151123586011e-4	8.636337071562675e-5	0.03864475938468399	0.9400210771600208	1
Group3_vs_Group2	[Eubacterium] saphenum group	1.1708066389419655e-6	1.1469415656211147e-6	-0.5528580138734518	0.29303404023839535	1
Group3_vs_Group2	Mogibacterium	0.0056007222881172495	0.0027507688393815506	0.29610444494509247	0.599134967089118	1
Group3_vs_Group2	Family XIII AD3011 group	0.002331339701066863	0.0029880668651001622	0.3469212986301051	1	1
Group3_vs_Group2	Unclassified	1.9580343041335916e-5	2.5385373249765295e-5	0.1249773628988704	0.7918854208260085	1
Group3_vs_Group2	Family XIII UCG-001	1.3822341017013033e-5	8.886692012034301e-5	0.6090012044596973	1	1
Group3_vs_Group2	Proteocatella	8.91443191981784e-5	1.0496763985264026e-5	0.12093163882175983	1	1
Group3_vs_Group2	Romboutsia	0.0038877844864008302	0.007194525924100107	0.5263607258329821	0.38856775121203035	1
Group3_vs_Group2	Terrisporobacter	0.04975687411734789	0.08024059157553733	0.7822989104815358	1	1
Group3_vs_Group2	Peptoniphilus	0.0014518676596117547	3.4279725912760055e-4	-0.562490896811054	0.35081785402454413	1
Group3_vs_Group2	Unclassified	3.474583599019078e-6	2.9203217441628923e-5	0.21017863621725236	1	1
Group3_vs_Group2	Tissierella	1.1490589358499453e-4	3.498369311073919e-5	0.1429949021748414	1	1
Group3_vs_Group2	Murdochiella	0.0018996548776300825	5.31170142274745e-4	-0.7738242867882066	1	1
Group3_vs_Group2	Helcococcus	0.0014247608685032192	0.0014689853226091808	0.06420593954610143	0.9192020572355282	1
Group3_vs_Group2	Anaerococcus	0.008785180823293395	0.003907004143460961	-0.28138127733245755	0.6963678009824046	1
Group3_vs_Group2	Gallicola	0.00147978159919405	7.29983871057512e-4	-0.4959934881842758	1	1
Group3_vs_Group2	Clostridium sensu stricto 6	0.004215103032002615	0.004075472873230846	-0.048032257194885575	0.9339680119994952	1
Group3_vs_Group2	Clostridium sensu stricto 5	2.1749720001927163e-5	9.350905340930896e-6	0.012102427546204289	0.9797437039546555	1
Group3_vs_Group2	Clostridium sensu stricto 1	0.10637235628464269	0.14163988003492925	0.1724689140919924	1	1
Group3_vs_Group2	Christensenella	5.72060980280302e-5	2.804617664054053e-5	0.12486990847797941	1	1
Group3_vs_Group2	Unclassified	1.5895709676309512e-5	2.692637917752401e-5	0.12069712233906194	1	1
Group3_vs_Group2	Unclassified	1.189818248457882e-4	1.2385376525680773e-4	0.0719970967283321	1	1
Group3_vs_Group2	Unclassified	6.5429523814457e-6	9.830927705323841e-7	-0.33216329682067103	1	1
Group3_vs_Group2	Monoglobus	1.832229811472913e-4	2.0747939163340292e-4	-0.013785440372404853	1	1
Group3_vs_Group2	UCG-009	3.174470476800384e-4	2.5578335381854574e-4	-0.7627560670595215	1	1
Group3_vs_Group2	Intestinimonas	2.833464663119176e-4	7.367275243555537e-4	0.5850126497649653	0.29221159388167445	1
Group3_vs_Group2	Pseudoflavonifractor	1.6189582430862796e-5	3.585005631256728e-5	0.35617502859593453	1	1
Group3_vs_Group2	UCG-005	0.002539272052867447	0.0035497330933922148	0.2375873329093211	1	1
Group3_vs_Group2	UCG-007	9.621157701766034e-6	1.788220340772354e-5	0.5410740923405258	1	1
Group3_vs_Group2	NK4A214 group	0.0012818387052717342	0.0016138389191600998	-0.35245355904546727	0.5379984083239489	1
Group3_vs_Group2	UCG-003	1.3396800033572514e-6	6.134866472380633e-6	0.649134297008192	1	1
Group3_vs_Group2	Oscillibacter	7.755096839907773e-5	6.497025904096015e-5	0.06675799101915014	1	1
Group3_vs_Group2	Oscillospira	6.486723726322715e-5	8.128810648323485e-5	-0.26173766376992996	1	1
Group3_vs_Group2	UCG-002	0.006432339913086232	0.007980251590376219	-0.03461512767276833	0.955528156422212	1
Group3_vs_Group2	Colidextribacter	1.1638083367897939e-4	3.1467641559527337e-4	0.7026256337941554	1	1
Group3_vs_Group2	Butyricicoccus	3.1096282640915207e-4	2.442974861589935e-4	-0.2936501216107087	1	1
Group3_vs_Group2	Unclassified	0.004673999415354542	0.002636644245119446	-0.602243187226601	0.36366523976963416	1
Group3_vs_Group2	UCG-008	0.0018368200628185347	0.0032993686457911827	0.6317379952570163	0.2939580484723444	1
Group3_vs_Group2	Fastidiosipila	4.75052024815277e-4	6.211611919684564e-4	-0.0860192342799717	1	1
Group3_vs_Group2	Papillibacter	6.271260982499116e-6	2.155376286251276e-5	0.3749806675402583	1	1
Group3_vs_Group2	Unclassified	0.0016222269081439741	0.0010594742923487098	-0.1722485411279184	1	1
Group3_vs_Group2	Acetanaerobacterium	3.182542982496085e-5	6.029445994296168e-5	0.20982467258343257	1	1
Group3_vs_Group2	Negativibacillus	6.855221784326887e-5	4.518427403898055e-4	0.679879360994984	1	1
Group3_vs_Group2	Unclassified	9.915048117957917e-6	3.982667291407444e-5	0.8102495414740711	1	1
Group3_vs_Group2	UBA1819	3.8170310041237714e-4	3.6070649373622836e-4	-0.06698462058097199	1	1
Group3_vs_Group2	Subdoligranulum	0.018845048167996085	0.029287004072773994	0.7238183113210064	1	1
Group3_vs_Group2	Faecalibacterium	4.977877420874929e-4	8.022999117103866e-4	0.7638621729929933	1	1
Group3_vs_Group2	Pygmaiobacter	4.682358908472993e-5	5.6269161656783506e-5	0.16656489194042198	1	1
Group3_vs_Group2	Fournierella	0.0016101188571358773	0.0018249469371793663	0.32915230733055534	1	1
Group3_vs_Group2	Unclassified	0.002069311754080258	0.003239365050188379	0.647126230303773	1	1
Group3_vs_Group2	Unclassified	0.057376327148917335	0.03925899036209593	-0.023526429501601998	0.968455869084653	1
Group3_vs_Group2	DTU089	7.601908382830609e-6	3.848343943765363e-5	0.3672653753914903	1	1
Group3_vs_Group2	Ruminococcus	0.07145274164805254	0.0309052327516663	0.3000595512302413	0.6510929299366272	1
Group3_vs_Group2	CAG-352	1.9646674036576228e-4	2.417730179390483e-4	-0.4643238905605726	1	1
Group3_vs_Group2	Caproiciproducens	3.73942943468562e-5	2.2061509212005078e-4	0.8640930297249811	1	1
Group3_vs_Group2	[Eubacterium] siraeum group	8.41659238320219e-4	0.0011464376636926036	0.595531263496492	1	1
Group3_vs_Group2	Lachnospiraceae NK4A136 group	1.5068972424538127e-4	3.109419079454232e-4	0.08906005155016761	0.8738283858193265	1
Group3_vs_Group2	Lachnospiraceae UCG-007	3.880705672048215e-6	1.3381654998932565e-5	0.36373386311479594	1	1
