Kingdom	Phylum	Class	Order	Family	0-12	0-13	0-22	0-23	0-32	0-33	0-42	0-43	0-52	0-53	0-62	0-63	0-72	0-73	0-82	0-83	21-11	21-12	21-13	21-21	21-22	21-23	21-31	21-32	21-33	21-41	21-42	21-43	21-51	21-52	21-53	21-61	21-62	21-63	21-71	21-72	21-73	21-81	21-82	21-83	35-11	35-12	35-21	35-22	35-23	35-31	35-32	35-33	35-41	35-42	35-43	35-51	35-52	35-53	35-61	35-62	35-63	35-71	35-72	35-73	35-81	35-82	35-83
Archaea	Euryarchaeota	Methanobacteria	Methanobacteriales	Methanobacteriaceae	1140	658	1106	499	1698	1469	457	1008	880	1252	2240	1239	137	2195	163	175	1416	334	547	824	131	1046	1503	448	194	172	686	23	180	1671	308	932	1821	11	2304	147	644	1669	248	627	658	220	1119	24	179	4839	4096	2855	897	843	49	659	3272	145	230	4777	28	1015	378	685	703	1993	334
Archaea	Thermoplasmatota	Thermoplasmata	Methanomassiliicoccales	Methanomethylophilaceae	0	0	0	0	0	0	3	0	0	0	0	0	0	0	0	0	0	0	8	0	0	0	0	0	0	0	0	0	0	0	13	0	0	0	0	0	13	0	3	0	0	0	0	0	0	0	0	0	0	0	0	0	0	0	0	0	0	0	0	0	0	3	0
Bacteria	Actinobacteriota	Actinobacteria	Actinomycetales	Actinomycetaceae	18	8	11	0	6	14	2	0	32	0	0	0	0	35	0	21	488	655	174	215	75	78	66	18	92	77	162	0	163	165	15	278	14	88	454	415	0	412	62	32	36	0	115	15	87	153	64	15	30	51	91	94	9	0	346	0	11	0	47	27	240	282	0
Bacteria	Actinobacteriota	Actinobacteria	Bifidobacteriales	Bifidobacteriaceae	0	0	5	0	0	0	0	0	0	0	0	0	0	0	0	0	0	0	0	0	0	0	0	0	0	0	0	0	0	0	0	0	0	11	0	0	0	0	0	0	0	0	0	0	0	0	0	0	0	0	0	0	0	0	0	0	4	0	0	162	0	0	0
Bacteria	Actinobacteriota	Actinobacteria	Corynebacteriales	Corynebacteriaceae	2152	511	1149	736	2371	970	2842	319	4586	1010	1045	2237	1476	1420	386	2514	15013	2229	6477	5926	7204	19816	2697	319	10362	4212	5392	439	3147	21968	577	6880	5857	5948	19367	11267	454	15630	352	6445	478	546	4491	2396	2606	7581	2444	1276	1266	5959	2104	6289	1813	5	13434	1245	1511	606	1805	6479	11389	5650	219
Bacteria	Actinobacteriota	Actinobacteria	Corynebacteriales	Dietziaceae	44	43	420	29	126	27	15	37	18	0	0	28	55	0	0	0	9	0	16	380	77	152	57	0	95	186	68	4	21	26	0	74	146	72	184	301	5	219	7	0	0	0	16	0	0	0	14	14	19	22	0	8	13	0	64	28	6	0	9	0	35	117	0
Bacteria	Actinobacteriota	Actinobacteria	Corynebacteriales	Mycobacteriaceae	0	0	0	0	0	0	4	0	0	0	0	0	0	0	0	0	0	0	6	0	0	0	0	0	0	0	0	0	0	0	0	0	0	0	0	0	0	0	0	0	0	0	0	0	0	0	2	0	0	0	0	0	0	0	0	0	0	0	0	0	0	0	0
Bacteria	Actinobacteriota	Actinobacteria	Corynebacteriales	Nocardiaceae	0	0	16	0	37	0	0	0	13	0	0	0	0	0	0	0	0	19	34	0	0	0	0	0	0	0	0	0	0	0	0	0	9	0	0	9	0	0	12	0	0	6	0	0	4	0	0	0	0	0	3	0	0	0	0	0	0	0	0	0	0	0	0
Bacteria	Actinobacteriota	Actinobacteria	Frankiales	Geodermatophilaceae	0	0	0	0	0	0	4	0	0	0	0	0	0	0	0	0	0	0	0	0	0	0	0	0	0	0	0	0	0	0	0	0	0	0	0	0	0	0	0	0	0	0	0	0	0	0	0	0	0	0	0	0	0	0	0	0	0	0	0	0	0	0	0
Bacteria	Actinobacteriota	Actinobacteria	Micrococcales	AKAU3644	0	0	0	0	0	0	0	0	0	0	0	0	0	0	0	0	0	0	0	0	314	0	12	7	0	0	20	0	0	0	12	33	0	0	10	605	0	93	0	0	0	0	15	0	0	0	11	0	10	0	7	0	0	0	74	0	0	8	0	0	0	20	0
Bacteria	Actinobacteriota	Actinobacteria	Micrococcales	Bogoriellaceae	17	0	78	0	23	20	12	0	19	0	0	0	33	0	0	0	0	0	0	36	0	0	0	0	6	0	0	0	0	0	0	0	0	0	0	23	0	21	0	0	0	0	0	0	0	0	0	0	0	0	0	0	0	0	0	0	0	0	0	0	0	0	0
Bacteria	Actinobacteriota	Actinobacteria	Micrococcales	Brevibacteriaceae	196	49	907	104	271	593	92	199	129	0	20	7	151	0	27	0	544	5	16	333	6	41	38	6	69	76	21	0	32	335	0	32	8	135	253	275	0	271	0	0	8	0	9	0	0	92	25	23	0	0	0	93	3	0	109	0	0	0	0	0	70	24	0
Bacteria	Actinobacteriota	Actinobacteria	Micrococcales	Cellulomonadaceae	0	0	0	0	0	0	15	0	0	0	0	0	0	0	0	0	0	0	0	0	0	0	0	0	0	0	0	0	0	0	0	0	0	0	0	0	0	0	0	0	0	0	0	0	0	0	0	0	0	0	0	0	0	0	0	0	0	0	0	0	0	0	0
Bacteria	Actinobacteriota	Actinobacteria	Micrococcales	Dermabacteraceae	48	18	495	55	215	304	64	172	97	0	80	35	50	24	50	40	129	13	24	188	0	19	32	0	71	102	22	0	23	481	0	0	13	21	355	228	0	263	0	16	19	0	17	0	0	46	29	12	0	8	0	18	0	0	94	0	0	0	16	0	13	22	0
Bacteria	Actinobacteriota	Actinobacteria	Micrococcales	Dermatophilaceae	0	0	0	0	0	0	3	0	0	0	0	0	0	0	0	0	0	0	0	0	0	4	0	0	0	6	0	0	0	0	0	0	0	0	0	0	0	0	0	12	0	0	0	0	0	0	0	0	0	0	0	0	0	0	0	0	0	0	0	8	0	0	5
Bacteria	Actinobacteriota	Actinobacteria	Micrococcales	Intrasporangiaceae	34	0	11	0	0	0	31	0	0	0	0	0	0	0	35	0	20	531	1183	37	5	12	18	16	23	0	27	50	0	9	79	7	30	89	0	38	114	0	135	46	12	70	0	9	40	0	0	17	35	0	56	0	0	97	0	0	0	0	0	19	7	0	158
Bacteria	Actinobacteriota	Actinobacteria	Micrococcales	Jonesiaceae	0	0	5	0	0	0	0	0	0	0	0	0	0	0	0	0	0	0	0	157	0	18	10	0	0	0	0	0	0	0	0	0	0	7	27	71	0	67	0	0	0	0	0	0	0	0	0	0	0	0	0	0	0	0	0	0	0	0	0	0	10	0	0
Bacteria	Actinobacteriota	Actinobacteria	Micrococcales	Microbacteriaceae	50	129	439	70	412	283	132	327	429	0	22	100	477	25	33	75	183	175	968	225	178	134	189	22	127	267	208	10	124	130	0	46	60	21	924	1129	10	320	17	0	31	15	59	12	0	31	25	34	59	70	67	55	37	25	50	0	11	24	0	17	41	121	20
Bacteria	Actinobacteriota	Actinobacteria	Micrococcales	Micrococcaceae	252	180	1472	173	1380	1447	136	422	416	157	123	1011	168	240	107	359	26	0	77	353	38	79	65	0	83	102	32	0	58	62	44	42	13	244	396	690	0	108	0	0	0	0	34	0	0	16	36	7	134	8	0	19	15	0	20	13	0	0	7	0	0	33	0
Bacteria	Actinobacteriota	Actinobacteria	Micrococcales	Micrococcales Incertae Sedis	0	0	0	0	25	18	0	0	0	0	0	0	0	0	0	0	0	0	0	6	0	0	0	0	0	0	0	0	0	0	0	0	0	0	123	21	0	8	0	0	0	0	0	0	0	0	0	0	0	0	0	0	0	0	0	0	0	0	0	0	0	0	0
Bacteria	Actinobacteriota	Actinobacteria	Micrococcales	Promicromonosporaceae	0	0	38	0	41	0	0	0	11	0	0	0	45	0	0	0	0	0	0	0	0	0	0	0	0	0	0	0	0	0	0	0	0	0	0	0	0	0	0	0	0	0	0	0	0	0	0	0	0	0	0	0	0	0	0	0	0	0	0	0	0	0	0
Bacteria	Actinobacteriota	Actinobacteria	Micrococcales	Sanguibacteraceae	0	7	86	0	10	27	0	13	0	0	0	0	0	4	0	0	0	6	0	93	0	32	20	0	22	13	18	0	0	0	0	0	11	24	536	873	0	251	13	0	0	0	49	0	0	43	17	0	0	0	0	0	0	0	22	0	0	0	8	0	31	132	0
Bacteria	Actinobacteriota	Actinobacteria	Micrococcales	Unclassified	0	0	0	0	0	0	0	0	0	0	0	0	0	0	0	0	0	0	10	0	0	0	0	0	0	0	0	0	0	0	0	0	0	0	0	0	0	0	0	0	0	0	0	0	0	0	0	0	0	0	0	0	0	0	0	0	0	0	0	0	0	0	0
Bacteria	Actinobacteriota	Actinobacteria	Micromonosporales	Micromonosporaceae	0	0	0	0	0	0	0	0	0	0	0	0	0	0	0	0	0	0	0	0	0	0	0	0	0	0	0	0	0	0	0	0	0	0	0	0	0	0	0	0	0	0	0	2	0	0	0	0	0	0	0	0	0	0	0	0	0	0	0	0	0	0	0
Bacteria	Actinobacteriota	Actinobacteria	Propionibacteriales	Nocardioidaceae	0	0	15	0	0	0	0	0	0	0	0	0	4	0	0	0	0	0	0	0	0	0	0	0	0	0	0	0	0	0	0	0	0	15	0	0	0	0	0	0	0	0	0	0	0	0	0	0	0	0	0	0	0	0	0	0	0	0	0	0	0	0	0
Bacteria	Actinobacteriota	Actinobacteria	Propionibacteriales	Propionibacteriaceae	0	0	9	0	0	0	0	0	0	0	0	0	0	0	0	0	9	25	192	49	30	21	28	0	29	27	37	0	0	18	0	0	7	0	107	275	0	57	13	0	9	6	36	0	24	26	4	0	102	15	10	0	0	8	7	0	0	31	0	0	0	36	0
Bacteria	Actinobacteriota	Actinobacteria	Pseudonocardiales	Pseudonocardiaceae	0	0	0	0	0	16	0	0	0	0	0	0	0	0	0	0	0	0	0	0	0	0	0	0	0	0	0	0	0	0	0	0	0	0	0	0	0	0	0	0	0	0	0	0	0	0	2	0	0	0	0	0	0	0	0	0	0	0	0	0	0	0	0
Bacteria	Actinobacteriota	Actinobacteria	Streptomycetales	Streptomycetaceae	0	10	0	0	0	0	4	0	0	0	0	0	0	0	0	0	0	0	8	0	0	0	0	0	0	0	0	0	0	0	0	0	0	0	0	0	0	0	0	0	0	0	0	0	0	0	0	0	0	0	0	0	0	0	0	0	0	0	0	0	0	0	0
Bacteria	Actinobacteriota	Actinobacteria	Streptosporangiales	Nocardiopsaceae	0	0	0	0	0	0	0	0	0	0	0	0	0	0	0	0	0	0	0	0	0	0	0	0	0	0	0	0	0	0	0	0	0	0	0	0	0	10	0	0	0	0	0	0	0	3	0	0	0	0	0	0	0	0	0	0	0	0	0	0	0	0	0
Bacteria	Actinobacteriota	Coriobacteriia	Coriobacteriales	Atopobiaceae	282	706	342	128	279	295	100	769	741	101	736	633	56	207	238	491	3325	260	1010	260	137	839	351	65	99	297	100	39	1258	89	87	2455	72	78	685	35	23	1040	436	63	7978	295	695	236	127	536	150	2674	211	969	158	95	1630	0	447	679	73	211	379	247	174	112	34
Bacteria	Actinobacteriota	Coriobacteriia	Coriobacteriales	Coriobacteriaceae	1940	2951	743	2148	2729	2730	559	1952	2409	1084	5549	4549	2633	2426	669	1535	2583	1871	888	1178	1662	2464	2804	339	284	1073	603	1967	845	898	173	2180	896	413	1775	335	110	1232	1568	79	3363	1070	1766	701	844	1896	1277	1167	2221	1357	1984	388	1532	220	529	760	251	760	536	1180	428	447	163
Bacteria	Actinobacteriota	Coriobacteriia	Coriobacteriales	Coriobacteriales Incertae Sedis	0	0	0	0	15	0	13	0	0	0	20	0	4	0	0	0	178	18	35	0	4	0	0	0	0	0	0	0	41	0	16	0	0	10	29	12	0	14	0	0	130	66	22	73	6	34	0	0	26	11	6	0	0	0	0	0	0	9	0	4	0	0	4
Bacteria	Actinobacteriota	Coriobacteriia	Coriobacteriales	Eggerthellaceae	1171	1336	510	940	1477	938	1078	1721	1919	417	2262	2035	1533	496	560	1081	3531	334	1513	1276	1235	2406	1649	96	856	3142	684	260	1767	1067	239	3046	1205	482	2067	306	57	2186	140	283	4326	2628	1618	808	1036	1823	1943	2034	1628	1271	1163	662	2184	364	880	2305	367	1064	798	2532	904	1018	438
Bacteria	Actinobacteriota	Coriobacteriia	Coriobacteriales	Unclassified	0	4	0	0	0	22	11	5	0	4	0	0	0	0	0	8	0	143	0	7	14	4	4	0	20	15	13	0	7	0	0	15	0	0	34	17	0	38	4	0	0	0	6	0	0	0	11	0	0	4	0	0	0	0	0	0	0	0	0	0	8	0	0
Bacteria	Actinobacteriota	Rubrobacteria	Rubrobacterales	Rubrobacteriaceae	0	0	0	0	0	17	0	0	0	0	0	0	0	0	3	0	0	0	39	0	0	0	0	0	0	0	0	0	0	0	0	0	0	0	0	0	0	0	0	0	0	0	0	0	0	0	0	0	0	0	0	0	0	0	0	0	0	0	0	0	0	0	0
Bacteria	Actinobacteriota	Thermoleophilia	Solirubrobacterales	67-14	0	0	0	0	0	0	0	0	0	0	0	0	0	0	0	0	0	0	10	0	0	0	0	0	0	0	0	0	0	0	0	0	0	0	0	0	0	0	0	0	0	0	0	0	0	0	0	0	0	0	0	0	0	0	0	0	0	0	0	0	0	0	0
Bacteria	Bacteroidota	Bacteroidia	Bacteroidales	Bacteroidaceae	12	69	19	42	127	30	0	107	32	27	499	882	12	48	307	88	28	356	260	318	685	126	195	113	93	326	1143	163	4	20	81	415	306	12	466	298	406	6	359	54	473	316	1071	30	109	582	158	57	1412	209	95	33	272	615	48	315	144	2137	1399	0	17	193	521
Bacteria	Bacteroidota	Bacteroidia	Bacteroidales	Bacteroidales RF16 group	9	3	3	9	0	6	0	7	0	7	65	39	0	61	11	4	0	179	25	12	151	0	0	605	0	7	48	12	0	2	91	270	21	19	0	67	328	0	58	26	3	100	7	7	0	71	9	33	256	4	6	5	89	53	2	38	6	49	463	31	0	11	243
Bacteria	Bacteroidota	Bacteroidia	Bacteroidales	Dysgonomonadaceae	0	34	0	0	26	10	0	0	4	0	6	0	5	0	0	3	9	209	308	298	487	68	215	20	110	6	191	13	171	0	22	834	52	0	17284	14176	33	338	168	0	0	0	238	9	46	33	23	0	39	75	31	26	3	0	50	49	0	7	15	4	7	1167	7
Bacteria	Bacteroidota	Bacteroidia	Bacteroidales	Marinifilaceae	0	0	0	0	3	0	0	0	0	0	0	0	0	0	0	0	0	0	0	0	0	0	0	0	0	0	0	0	0	0	0	0	0	0	0	0	0	0	4	0	0	5	0	0	0	0	0	0	0	0	0	0	0	0	0	0	0	0	0	0	0	33	0
Bacteria	Bacteroidota	Bacteroidia	Bacteroidales	Marinilabiliaceae	0	0	0	0	0	0	0	0	0	0	0	0	0	0	0	0	0	0	19	10	4	0	22	0	0	0	16	0	0	0	0	21	0	0	12	4384	0	0	0	0	0	0	5	0	0	0	0	0	9	0	6	0	0	0	6	0	0	0	0	0	0	70	0
Bacteria	Bacteroidota	Bacteroidia	Bacteroidales	Muribaculaceae	508	4565	1168	7748	4094	1433	131	8225	1859	5502	12090	5388	462	498	3384	11030	338	2178	1190	2720	1652	3167	1331	788	1229	169	1502	1961	2923	2011	612	12902	6203	1391	591	603	1072	1833	9568	217	5000	306	2325	1191	1353	9493	13256	1325	2950	330	5010	1037	3018	3690	1839	2089	356	3702	10167	242	441	1687	1249
Bacteria	Bacteroidota	Bacteroidia	Bacteroidales	Paludibacteraceae	0	8	0	0	8	0	0	0	0	0	18	0	0	0	0	3	0	0	0	31	0	0	0	0	0	0	0	0	0	0	0	0	16	0	0	6	5	0	9	0	0	0	0	0	0	18	204	0	0	0	0	0	0	0	0	16	0	39	0	0	0	0	7
Bacteria	Bacteroidota	Bacteroidia	Bacteroidales	Porphyromonadaceae	0	0	0	0	0	0	0	0	0	0	0	0	0	0	0	0	0	0	0	0	0	0	0	0	0	0	0	0	0	0	0	0	0	0	0	0	4	0	0	0	0	0	0	0	0	0	0	0	0	0	0	0	0	0	0	0	0	0	0	0	0	0	0
Bacteria	Bacteroidota	Bacteroidia	Bacteroidales	Prevotellaceae	667	1267	1265	435	1538	428	558	4336	1292	432	10663	2568	787	620	4948	6643	2280	8045	8971	2001	1706	2938	726	1365	5367	254	7463	10968	1524	2324	58629	7998	1472	8129	916	2983	15036	601	7691	3312	5365	1409	9929	2703	3917	1424	2741	666	3545	1197	6790	1272	1376	14489	2889	1402	1590	5200	12094	720	439	945	4769
Bacteria	Bacteroidota	Bacteroidia	Bacteroidales	Rikenellaceae	54	130	36	74	171	26	51	459	37	57	899	391	68	44	164	281	17	604	340	430	212	345	135	143	307	135	870	285	90	101	184	1744	518	42	68	930	598	69	867	6	71	263	755	107	226	389	595	104	689	143	278	23	268	251	68	340	98	620	1885	55	9	368	578
Bacteria	Bacteroidota	Bacteroidia	Bacteroidales	Tannerellaceae	165	66	88	67	412	0	516	526	94	60	2007	446	391	60	469	59	1158	22585	15508	233	479	951	278	701	3866	244	2566	26547	187	1310	21081	674	662	31757	346	953	17521	157	2816	6099	3127	12929	1392	4312	7252	3261	1550	1304	9849	1787	7896	1353	1479	66613	1127	886	2213	2011	1689	591	291	1195	15664
Bacteria	Bacteroidota	Bacteroidia	Bacteroidales	Unclassified	21	104	17	0	77	0	8	108	10	15	423	202	20	22	35	38	11	473	387	24	205	352	40	15	77	27	27	256	31	50	7	374	45	41	27	29	161	0	108	73	105	192	520	70	303	247	172	48	236	19	221	58	1361	108	30	46	37	2543	3562	66	50	51	1062
Bacteria	Bacteroidota	Bacteroidia	Bacteroidales	Williamwhitmaniaceae	0	0	0	0	0	0	0	0	0	0	0	0	0	0	0	0	0	0	0	0	0	0	0	0	0	0	0	0	0	0	0	0	0	0	5	0	0	0	0	0	0	0	0	0	0	0	0	0	0	0	0	0	0	0	0	0	0	0	0	0	0	0	0
Bacteria	Bacteroidota	Bacteroidia	Bacteroidales	p-251-o5	0	0	0	0	0	0	0	0	0	0	0	0	0	0	0	14	0	0	0	187	71	0	0	0	0	0	0	0	0	0	0	0	24	0	0	0	0	0	0	0	0	0	40	0	0	0	0	0	22	0	0	0	0	0	0	24	0	0	0	0	0	0	0
Bacteria	Bacteroidota	Bacteroidia	Bacteroidales	p-2534-18B5 gut group	0	73	0	0	102	0	0	19	41	197	244	0	30	16	12	112	0	0	0	0	0	0	4	0	0	0	0	0	0	0	0	0	0	0	0	0	15	0	0	0	0	0	0	0	0	0	494	0	0	0	0	0	0	0	0	0	0	0	0	0	0	0	0
Bacteria	Bacteroidota	Bacteroidia	Chitinophagales	Chitinophagaceae	0	0	0	0	0	0	0	0	0	0	0	0	0	0	0	0	0	0	0	0	0	0	3	0	0	0	6	0	0	0	0	0	0	0	0	53	0	0	4	0	0	0	0	0	0	0	0	0	0	0	0	0	0	0	0	0	0	0	0	0	0	0	0
Bacteria	Bacteroidota	Bacteroidia	Cytophagales	Cyclobacteriaceae	0	0	0	0	0	0	0	0	0	0	0	0	0	0	0	0	0	0	0	0	0	0	0	0	0	0	0	0	0	0	0	0	0	0	0	28	0	0	0	0	0	0	0	0	0	0	0	0	0	0	0	0	0	0	0	0	0	0	0	0	0	0	0
Bacteria	Bacteroidota	Bacteroidia	Flavobacteriales	Crocinitomicaceae	0	0	0	0	0	0	0	0	0	0	0	0	0	0	0	0	0	0	0	0	0	0	0	0	0	0	0	0	0	0	0	0	0	0	0	8	0	0	0	0	0	0	0	0	0	0	0	0	0	0	0	0	0	0	0	0	0	0	0	0	0	0	0
Bacteria	Bacteroidota	Bacteroidia	Flavobacteriales	Flavobacteriaceae	14	81	95	22	668	160	4	115	39	0	82	536	43	21	52	11	0	63	92	45	17	35	21	7	22	6	244	29	2	14	12	111	27	10	10938	10674	0	24	10	0	0	0	332	0	4	0	64	0	31	12	14	0	0	0	10	0	0	7	108	0	0	190	0
Bacteria	Bacteroidota	Bacteroidia	Flavobacteriales	Unclassified	0	0	0	0	0	0	0	0	0	0	0	0	0	0	0	0	0	0	0	0	0	0	0	0	0	0	0	0	0	0	0	0	0	0	4	0	0	0	0	0	0	2	0	0	0	0	0	0	0	0	0	0	0	0	0	0	0	0	0	0	0	0	0
Bacteria	Bacteroidota	Bacteroidia	Flavobacteriales	Weeksellaceae	31	70	278	52	443	1032	0	836	272	9	330	71	105	25	12	41	3	0	55	10	0	0	32	0	7	0	4	9	18	120	0	36	4	0	1323	337	0	0	9	0	5	0	40	0	4	2	265	29	35	0	4	8	0	0	17	0	0	18	0	0	0	100	0
Bacteria	Bacteroidota	Bacteroidia	Sphingobacteriales	Sphingobacteriaceae	0	9	946	24	1010	484	52	131	165	0	101	107	963	72	96	27	12	0	21	65	0	6	0	0	36	31	17	7	5	8	0	14	28	0	144	304	0	29	11	0	0	0	0	0	0	0	41	12	0	0	0	0	0	0	38	0	0	11	0	0	0	6	6
Bacteria	Campylobacterota	Campylobacteria	Campylobacterales	Arcobacteraceae	0	0	0	0	0	2	0	0	0	0	0	0	0	0	0	0	0	9	32	6	0	0	0	0	0	0	5	0	9	0	0	0	0	0	4	26	0	0	5	0	0	0	0	0	0	0	0	0	0	0	0	0	0	5	0	0	0	0	0	0	0	3	0
Bacteria	Campylobacterota	Campylobacteria	Campylobacterales	Campylobacteraceae	0	0	0	0	0	0	26	0	0	0	0	0	0	0	0	0	0	0	0	0	0	0	0	0	0	0	2	0	0	0	0	3	0	0	0	0	26	0	0	0	0	5	0	4	0	13	13	0	4	0	0	0	0	0	0	10	0	28	24	0	0	35	4
Bacteria	Campylobacterota	Campylobacteria	Campylobacterales	Helicobacteraceae	0	3	0	0	0	0	0	0	0	0	3	0	0	0	0	0	0	0	0	0	0	0	0	3	0	0	0	0	24	0	11	5	0	0	0	3	0	0	0	9	0	9	11	0	0	14	0	0	0	0	0	0	7	0	4	0	0	6	0	0	0	0	18
Bacteria	Chloroflexi	Chloroflexia	Thermomicrobiales	JG30-KF-CM45	0	0	4	0	0	0	0	0	0	0	0	0	0	0	0	0	0	0	0	0	0	0	0	0	0	0	0	0	0	0	0	0	0	0	0	0	0	0	0	0	0	0	0	0	0	0	0	0	0	0	0	0	0	0	0	0	0	0	0	0	0	0	0
Bacteria	Cyanobacteria	Cyanobacteriia	Chloroplast	Unclassified	0	0	0	4	0	5	17	4	0	6	9	10	0	6	0	10	23	0	5	7	4	0	0	2	0	7	3	0	9	10	0	11	3	0	13	0	3	0	0	14	21	29	5	0	12	15	16	9	7	11	9	10	15	0	3	3	3	6	7	17	15	0	7
Bacteria	Cyanobacteria	Cyanobacteriia	Cyanobacteriales	Xenococcaceae	23	0	0	0	0	0	0	0	0	0	0	0	0	0	0	0	0	0	0	0	0	0	0	0	0	0	0	0	0	0	0	0	0	0	0	0	0	0	0	0	0	0	0	0	0	0	0	0	0	0	0	0	0	0	0	0	0	0	0	0	0	0	0
Bacteria	Cyanobacteria	Vampirivibrionia	Gastranaerophilales	Unclassified	48	222	103	751	117	325	47	521	261	292	502	310	54	32	154	138	4	0	8	173	79	97	416	7	48	183	569	6	321	111	0	256	77	0	8	14	22	4	31	46	105	56	0	25	12	151	1025	503	97	514	29	33	153	0	8	176	0	110	56	349	15	109	38
Bacteria	Deinococcota	Deinococci	Deinococcales	Deinococcaceae	0	0	0	0	0	0	0	0	0	0	0	0	0	0	0	0	0	0	30	0	0	0	0	0	0	0	0	0	0	0	0	0	0	0	0	0	0	0	41	0	0	0	0	0	0	0	0	0	0	0	0	0	0	0	0	0	0	0	0	0	0	0	0
Bacteria	Desulfobacterota	Desulfovibrionia	Desulfovibrionales	Desulfovibrionaceae	0	0	0	0	0	0	16	0	0	0	0	12	17	6	16	0	0	0	82	10	13	13	6	11	13	0	7	0	14	0	98	0	0	0	0	12	350	0	13	42	0	0	5	0	4	0	0	0	9	0	13	19	0	176	5	0	0	5	0	15	0	6	9
Bacteria	Desulfobacterota	Desulfuromonadia	Bradymonadales	Unclassified	0	0	0	0	0	0	0	0	0	0	6	0	0	0	0	0	0	0	0	0	0	0	0	0	0	0	0	0	0	0	0	0	0	0	0	0	0	0	0	0	0	0	0	0	0	0	24	0	0	0	0	0	0	0	0	0	0	0	0	0	0	0	0
Bacteria	Elusimicrobiota	Elusimicrobia	Elusimicrobiales	Elusimicrobiaceae	0	0	0	0	0	0	0	0	0	0	0	0	0	0	0	0	0	0	0	0	19	0	0	5	0	0	0	4	0	0	0	30	0	0	4	0	9	0	0	0	0	0	0	0	0	6	0	0	143	0	0	0	0	0	12	0	0	288	0	10	0	2	15
Bacteria	Fibrobacterota	Fibrobacteria	Fibrobacterales	Fibrobacteraceae	0	0	0	0	0	0	0	0	0	0	12	0	0	0	0	0	0	0	0	0	0	0	0	0	0	0	0	0	0	0	0	0	0	0	0	0	25	0	0	0	0	0	0	0	0	7	7	0	0	0	0	0	0	0	0	0	0	0	0	0	0	0	0
Bacteria	Firmicutes	Bacilli	Acholeplasmatales	Acholeplasmataceae	0	0	0	0	0	0	0	0	0	0	0	0	0	0	0	0	0	0	0	0	14	0	0	0	0	6	0	0	0	0	0	0	0	0	0	35	0	0	0	0	0	0	0	0	5	0	0	0	29	0	0	0	0	0	0	0	0	0	9	0	0	0	0
Bacteria	Firmicutes	Bacilli	Aneurinibacillales	Aneurinibacillaceae	0	0	0	0	0	0	0	0	0	0	0	0	0	0	0	0	0	0	0	0	0	2	0	0	0	0	0	0	0	0	0	0	0	0	0	0	0	0	0	0	0	0	0	0	0	0	0	0	0	0	0	0	0	0	0	0	0	0	0	0	0	0	0
Bacteria	Firmicutes	Bacilli	Bacillales	Bacillaceae	33	8	0	0	11	0	25	0	6	0	11	20	62	0	21	0	22	0	0	0	6	0	0	0	0	0	0	4	0	0	0	0	24	14	0	2	0	14	0	32	0	15	0	9	0	10	17	27	0	5	0	0	0	0	0	0	13	0	0	56	16	0	0
Bacteria	Firmicutes	Bacilli	Bacillales	Planococcaceae	16	667	487	5282	812	1442	191	1140	221	15	111	3428	528	128	247	210	0	10	0	319	0	26	251	0	0	0	9	0	67	0	19	12	0	30	5018	110	0	93	0	0	0	0	0	0	19	0	32	0	0	0	0	0	0	0	125	12	0	0	0	0	0	38	0
Bacteria	Firmicutes	Bacilli	Bacillales	Sporolactobacillaceae	0	0	0	0	0	0	0	0	0	0	0	0	0	0	0	0	0	23	19	0	0	0	0	0	0	0	0	0	0	0	0	0	0	0	0	0	0	0	14	0	0	0	0	0	0	0	0	0	4	0	0	0	0	0	0	0	0	0	0	0	0	0	0
Bacteria	Firmicutes	Bacilli	Erysipelotrichales	Erysipelatoclostridiaceae	1435	2633	2761	880	763	2613	6855	3297	1784	206	3253	2950	13783	707	2028	688	764	10	720	818	354	4429	990	158	3576	222	314	262	668	952	236	846	2070	1543	1030	656	71	1530	311	1682	663	42	1542	2993	1735	763	1179	2169	969	1095	553	773	961	171	1329	2337	530	196	450	1271	1150	97	164
Bacteria	Firmicutes	Bacilli	Erysipelotrichales	Erysipelotrichaceae	10489	10056	6080	7459	9545	9250	4952	10456	17693	1676	15669	20132	9544	5073	6823	6696	16359	2644	19062	6716	7951	32737	10131	2934	16359	12799	10660	5930	6405	8355	2491	16007	10502	10376	11419	5474	2668	12000	6308	5487	10231	4277	10550	11017	26860	16857	5522	16901	10244	8008	10192	3429	11197	2282	14664	10344	6152	5238	6079	13063	7323	7074	4645
Bacteria	Firmicutes	Bacilli	Erysipelotrichales	Unclassified	0	0	0	0	0	0	0	0	0	0	0	0	0	0	0	0	0	0	0	0	0	0	0	0	0	0	0	0	0	0	0	0	0	0	0	12	0	0	0	0	0	0	0	0	0	0	0	0	0	0	0	0	0	0	0	0	0	0	0	0	0	6	0
Bacteria	Firmicutes	Bacilli	Exiguobacterales	Exiguobacteraceae	0	0	0	0	19	0	0	0	0	0	0	0	23	0	0	0	0	0	0	0	0	0	0	0	0	0	0	0	0	0	0	0	0	0	0	0	0	0	0	0	0	0	0	0	0	0	0	0	0	0	0	0	0	0	0	0	0	0	0	0	0	0	0
Bacteria	Firmicutes	Bacilli	Izemoplasmatales	Unclassified	0	0	0	0	0	0	0	0	0	0	0	0	0	0	0	0	0	0	0	0	0	5	0	0	0	0	0	0	0	0	0	11	0	0	0	0	0	0	0	0	0	0	0	0	0	0	21	0	0	0	0	0	0	0	0	0	0	0	0	0	0	0	0
Bacteria	Firmicutes	Bacilli	Lactobacillales	Aerococcaceae	648	397	1289	4146	4821	4632	3780	1233	7182	11490	4518	8517	681	26717	2519	13376	6250	646	3862	2027	4634	3322	975	496	6084	2013	2415	127	3608	10107	2627	7837	907	3030	12359	4835	880	10425	1039	23364	7038	401	4859	1107	2250	10282	14897	2420	3038	3643	3258	7509	1905	1658	16194	303	6432	338	1417	14552	18271	13527	2535
Bacteria	Firmicutes	Bacilli	Lactobacillales	Carnobacteriaceae	447	536	1749	6954	3694	6946	4336	4231	8053	17255	6570	15003	854	20927	4084	20636	741	148	1493	1273	1001	2615	783	94	1754	1327	1143	12	1699	2017	171	3848	312	1752	7452	3201	369	3188	307	1224	241	8	2415	127	909	2167	2470	312	454	875	527	2324	248	49	4074	161	1816	55	510	3338	7121	7855	650
Bacteria	Firmicutes	Bacilli	Lactobacillales	Enterococcaceae	229	297	1081	609	3656	4551	2088	779	3737	1483	1243	2962	1365	1664	868	5269	671	280	740	370	369	130	389	15	164	180	18	0	157	43	0	226	0	30	4173	473	13	799	32	239	394	58	1351	237	270	753	2519	32	433	305	38	270	191	58	663	182	89	106	108	3543	1260	937	55
Bacteria	Firmicutes	Bacilli	Lactobacillales	Lactobacillaceae	83389	66983	127493	91460	21056	60654	145305	140980	125270	57184	105318	131801	122665	207551	172378	117923	10847	893	36913	106308	186238	103533	91409	7357	117621	39795	90073	41759	78145	69905	75558	101920	37332	59736	53543	62738	7571	98963	6766	117645	5518	2297	147033	140502	120145	74181	8116	50589	96374	170677	148022	9035	11344	18676	138692	17548	194155	177244	151574	116908	157442	35042	101542
Bacteria	Firmicutes	Bacilli	Lactobacillales	Listeriaceae	0	0	0	0	0	0	0	0	0	0	0	0	0	0	28	0	0	0	0	0	0	0	0	0	0	0	0	0	0	0	0	0	0	0	0	0	0	0	0	0	0	0	0	0	0	0	0	0	0	0	0	0	0	0	0	0	9	0	0	0	0	0	13
Bacteria	Firmicutes	Bacilli	Lactobacillales	Streptococcaceae	3817	2198	7414	838	3626	22472	52297	12559	8416	5855	2438	12612	12964	7704	6892	33068	147	58	79	2602	230	141	173	17	387	187	80	10	6968	6377	51	645	140	72	2288	1119	41	10610	488	126	585	78	13497	2367	166	2133	450	111	205	667	237	656	3576	359	10046	172	5693	1233	419	2459	863	1418	242
Bacteria	Firmicutes	Bacilli	Lactobacillales	Vagococcaceae	48	154	340	133	280	678	384	157	880	419	504	913	1514	401	339	1415	0	0	0	0	14	0	0	0	0	0	0	0	0	0	7	0	0	0	673	0	0	0	0	12	0	0	0	36	0	0	94	0	0	11	0	15	0	0	43	0	0	23	0	54	0	0	0
Bacteria	Firmicutes	Bacilli	Mycoplasmatales	Mycoplasmataceae	0	0	0	0	0	0	0	0	0	0	0	0	6	0	0	0	0	7	24	0	10	7	0	7	0	0	0	32	0	0	0	6	0	0	0	17	9	0	0	0	0	0	110	0	5	0	0	0	10	0	7	0	0	34	0	0	0	18	30	0	4	0	0
Bacteria	Firmicutes	Bacilli	Paenibacillales	Paenibacillaceae	0	0	0	0	4	0	0	0	8	0	0	0	0	0	0	0	0	8	22	0	0	0	0	0	0	0	0	0	0	0	0	0	4	0	0	0	0	0	0	0	0	12	0	0	0	0	0	0	7	0	0	0	0	0	0	0	0	0	0	0	0	0	0
Bacteria	Firmicutes	Bacilli	RF39	Unclassified	116	393	224	704	190	156	429	1304	181	680	449	552	10	353	222	261	0	41	78	3334	456	1742	3840	4847	6308	2571	5417	22896	187	39	65	4356	5296	1009	679	2121	15903	1902	5712	2156	0	0	142	876	211	2857	1870	2369	1230	689	1438	0	593	62	317	1026	839	396	467	1570	461	766	5748
Bacteria	Firmicutes	Bacilli	RsaHf231	Unclassified	0	0	0	0	0	0	0	0	0	0	0	0	0	0	0	0	0	0	0	0	0	0	0	0	0	0	0	0	0	0	0	0	0	0	0	0	0	0	0	0	0	0	0	0	0	0	0	0	0	0	0	0	0	45	0	0	0	0	0	0	0	0	0
Bacteria	Firmicutes	Bacilli	Staphylococcales	Gemellaceae	0	0	0	0	0	0	0	0	0	0	0	0	0	0	0	5	0	0	0	0	0	0	0	0	0	0	0	0	0	0	0	0	0	0	0	0	0	0	0	0	0	0	0	0	0	0	0	0	0	0	0	0	0	0	0	0	0	0	0	0	0	0	0
Bacteria	Firmicutes	Bacilli	Staphylococcales	Staphylococcaceae	1242	413	2123	823	1792	2431	2060	663	3161	1213	922	2648	1139	1468	458	3581	3992	441	778	946	525	462	313	54	2277	288	259	8	482	18146	55	510	205	749	895	958	0	1540	173	1310	263	10	146	77	54	748	241	45	26	396	110	1481	182	25	1856	26	31	51	135	79	1263	303	20
Bacteria	Firmicutes	Bacilli	Thermoactinomycetales	Thermoactinomycetaceae	0	0	0	0	0	0	0	0	0	0	0	0	0	0	0	0	0	8	0	0	0	0	0	0	0	0	0	0	0	0	0	0	0	0	0	0	0	0	0	0	0	0	0	0	0	0	0	0	0	0	0	0	0	0	0	0	0	0	0	0	0	0	0
Bacteria	Firmicutes	Bacilli	Unclassified	Unclassified	0	0	0	0	0	0	0	0	0	0	0	0	0	0	0	0	0	0	0	0	0	0	0	0	0	0	0	0	0	0	0	0	0	0	0	0	0	0	0	0	0	0	0	0	0	0	0	0	0	0	0	0	0	0	0	0	0	0	0	0	0	5	0
Bacteria	Firmicutes	Clostridia	Caldicoprobacterales	Caldicoprobacteraceae	0	0	0	0	0	0	0	0	0	0	0	0	0	0	0	0	0	0	0	0	0	0	0	0	0	0	0	0	0	0	0	0	0	0	0	0	0	0	0	24	0	0	0	0	0	0	0	0	0	0	0	0	0	0	0	0	0	0	0	0	0	0	10
Bacteria	Firmicutes	Clostridia	Christensenellales	Christensenellaceae	143	815	140	940	2768	998	52	610	703	429	1755	578	52	1391	166	622	25	134	88	110	56	608	91	37	222	206	111	70	19	30	179	418	608	7	102	28	544	19	311	111	682	319	48	0	184	1766	11418	1006	699	91	82	64	3145	50	22	4974	11	439	460	288	72	504	282
Bacteria	Firmicutes	Clostridia	Clostridia UCG-014	Unclassified	130	382	119	641	110	631	71	3564	181	497	4403	336	28	517	641	1686	73	237	273	1777	1975	6866	6312	10946	13548	2120	30160	25028	1155	40	618	12947	14013	2812	3604	8817	70282	5502	85622	13688	124	7	2880	4514	1847	25969	12742	8686	14990	3321	4696	78	6146	325	8357	2819	2762	7158	9416	7971	3853	12047	16734
Bacteria	Firmicutes	Clostridia	Clostridia vadinBB60 group	Unclassified	7	4	0	2	24	0	13	10	9	16	50	0	4	26	0	34	0	67	20	14	0	23	0	29	53	3	24	4	0	0	96	63	65	0	2	11	256	2	56	11	13	7	18	0	4	9	178	9	58	0	21	9	11	51	0	35	0	24	175	7	0	30	114
Bacteria	Firmicutes	Clostridia	Clostridiales	Caloramatoraceae	0	0	0	0	0	0	0	0	4	0	0	0	0	0	0	0	0	0	0	0	0	0	0	0	0	0	0	0	0	0	0	0	0	0	0	0	0	0	0	0	0	0	0	0	0	0	0	0	0	0	0	0	0	0	0	0	0	0	0	0	0	0	0
Bacteria	Firmicutes	Clostridia	Clostridiales	Clostridiaceae	25013	7391	12484	1630	55475	18057	17246	7471	22708	2048	99704	19602	19441	3515	7321	3967	19873	1675	55941	25836	14574	35368	35330	4604	37208	57368	54671	10336	47077	24019	6453	44910	88092	23442	23589	16448	2184	14135	2275	47540	106317	144534	5005	15508	24265	24560	37202	39757	20047	2923	9700	95008	82635	7699	15038	90718	17798	6110	4487	61084	16378	69595	4679
Bacteria	Firmicutes	Clostridia	Eubacteriales	Alkalibaculum	0	0	0	0	0	0	0	0	0	0	0	0	0	0	0	0	0	0	0	0	0	0	0	0	0	0	0	0	0	0	0	0	0	0	16	0	0	9	0	0	0	0	0	0	0	0	0	0	0	0	0	0	0	0	0	0	0	0	0	0	0	5	0
Bacteria	Firmicutes	Clostridia	Eubacteriales	Anaerofustaceae	12	17	12	23	52	50	16	24	66	5	41	34	18	8	37	5	9	0	19	28	37	28	40	4	34	22	15	0	13	2	0	0	44	0	15	0	10	12	7	0	46	24	126	29	39	21	21	0	177	0	27	0	7	0	13	14	10	42	5	37	35	14	5
Bacteria	Firmicutes	Clostridia	Eubacteriales	Eubacteriaceae	165	22	1421	73	2306	102	179	46	1812	8	2596	2418	469	1174	101	17	9857	17299	38943	202	4682	6070	622	1712	2682	1106	3345	9468	2447	1008	1877	3748	2645	73084	264	604	14897	2895	3113	8277	8175	14478	11093	4411	20803	3549	1744	6417	8298	4233	4469	2282	2833	23693	2640	1565	7976	4637	1715	1792	2516	1430	14798
Bacteria	Firmicutes	Clostridia	Eubacteriales	Garciellaceae	0	0	0	0	0	0	0	0	0	0	0	0	0	0	0	0	0	3	0	0	0	0	0	0	0	0	0	0	0	0	0	0	0	0	11	10	0	0	0	0	0	0	0	0	0	0	0	0	0	0	0	0	0	0	0	0	0	0	0	0	0	0	0
Bacteria	Firmicutes	Clostridia	Lachnospirales	Defluviitaleaceae	11	0	0	13	12	16	2	0	0	0	8	8	0	12	82	6	10	0	50	8	32	260	88	0	6	9	10	0	0	5	0	102	18	0	87	0	0	29	4	21	402	4	22	31	132	160	58	45	65	129	5	24	7	0	66	38	197	44	49	265	199	83	9
Bacteria	Firmicutes	Clostridia	Lachnospirales	Lachnospiraceae	19089	43304	16788	44092	30536	51784	12413	45464	27154	7032	28833	39693	67925	15310	16243	22349	14281	1260	15931	17410	13063	37964	15809	519	16360	4143	4483	2706	11645	7810	2163	7891	8832	13369	4845	4804	2682	9850	2405	1337	27375	4598	30462	17592	8345	16964	6852	13287	6349	14187	11233	10541	16621	1516	14503	27550	6007	29339	9935	15346	14265	4132	7140
Bacteria	Firmicutes	Clostridia	Monoglobales	Monoglobaceae	2	20	6	105	137	84	11	43	22	98	18	14	0	32	0	66	0	21	0	12	0	20	0	9	35	0	4	16	0	0	47	0	67	0	0	42	991	0	42	25	2	0	0	15	0	0	639	281	0	0	27	9	0	0	0	44	22	6	23	25	60	30	107
Bacteria	Firmicutes	Clostridia	Oscillospirales	Butyricicoccaceae	8229	12104	2777	8195	5249	11139	2203	12992	10685	1790	3207	3550	6930	2341	9204	6719	605	518	3782	723	361	1644	5876	1031	2280	182	1667	3590	3929	3834	1616	111	1832	1472	265	2312	3928	548	1215	1335	4558	465	3182	1202	1048	909	725	576	439	409	832	2295	1697	1464	12424	415	1083	5917	344	240	1597	764	779
Bacteria	Firmicutes	Clostridia	Oscillospirales	Ethanoligenenaceae	8	0	9	15	52	58	6	0	12	0	37	14	0	26	22	5	0	0	21	6	10	38	16	0	0	5	15	0	20	0	10	21	10	0	30	0	0	0	5	0	38	41	29	0	22	30	14	16	34	0	4	7	6	0	4	0	0	123	5	0	0	15	16
Bacteria	Firmicutes	Clostridia	Oscillospirales	Hungateiclostridiaceae	0	0	0	0	0	0	0	0	0	0	0	0	0	0	0	0	35	207	79	10	78	59	79	0	20	0	0	0	74	153	24	123	7	117	825	225	116	673	73	0	26	0	542	16	43	141	5	0	18	664	54	49	0	0	720	10	36	20	39	80	658	952	0
Bacteria	Firmicutes	Clostridia	Oscillospirales	Hydrogenoanaerobacterium	0	0	0	0	0	0	0	0	0	0	0	0	0	0	0	0	0	0	0	0	0	17	0	0	0	0	4	0	0	0	0	0	0	0	0	0	0	0	0	0	0	0	0	0	0	0	0	0	0	0	0	0	0	0	0	0	0	0	0	0	0	0	0
Bacteria	Firmicutes	Clostridia	Oscillospirales	Oscillospiraceae	698	3439	779	5215	3748	3188	718	3445	1999	2572	6295	4731	1157	1953	3045	4060	53	1086	1339	4054	1144	4669	2658	723	2211	2069	3154	1565	2866	1928	3290	10830	5853	724	2167	1126	19928	1533	7594	1040	5430	1171	6892	1078	1397	17906	23215	4231	3475	4912	2041	557	8831	1735	2087	9924	1030	11519	8533	1078	1281	4536	8360
Bacteria	Firmicutes	Clostridia	Oscillospirales	Ruminococcaceae	3148	5071	3367	8041	6271	6825	6704	10595	3640	1321	7901	8293	13299	3027	14477	3633	6488	42217	32973	2830	5763	15654	7961	229054	13248	22479	10284	53029	4946	5432	5516	17786	6701	4463	25814	3058	27814	55849	33740	5060	49374	35535	35709	10881	33343	14112	17868	9040	30183	10238	13248	16480	7552	7048	21067	9999	9126	26157	15472	14609	8899	12111	62853
Bacteria	Firmicutes	Clostridia	Oscillospirales	UCG-010	16	148	30	96	299	36	27	100	101	215	244	179	22	212	384	159	0	9	45	39	16	766	183	186	275	33	155	187	26	47	652	1646	1117	0	49	112	3509	39	2020	95	24	0	0	20	27	565	1623	763	74	12	88	32	198	195	28	505	73	132	261	207	13	745	1057
Bacteria	Firmicutes	Clostridia	Oscillospirales	Unclassified	0	0	0	0	0	0	0	0	0	0	0	0	0	0	0	2	0	19	0	0	0	4	0	0	0	0	0	0	0	0	0	0	0	0	0	0	32	0	0	0	0	0	0	0	0	11	0	0	7	0	0	2	0	0	0	0	0	0	0	4	0	0	0
Bacteria	Firmicutes	Clostridia	Oscillospirales	[Clostridium] methylpentosum group	0	30	0	0	0	0	0	15	0	0	0	0	0	0	0	0	0	9	0	0	37	0	4	0	11	2	0	0	0	0	0	0	0	0	0	0	0	0	0	0	0	38	0	10	0	0	6	30	0	0	0	4	4	0	0	0	0	139	0	0	35	0	0
Bacteria	Firmicutes	Clostridia	Oscillospirales	[Eubacterium] coprostanoligenes group	472	1602	793	2741	1222	1082	1038	2156	1944	3093	2187	4467	554	2150	10367	3061	1716	76175	13360	504	1812	5715	3678	4202	15183	768	4028	49473	6142	3320	20015	8774	5949	3503	2876	5418	72038	3437	56548	2215	20629	197	5203	11099	2653	8316	2749	6255	36018	6066	41257	4939	1632	20908	8371	2222	4433	12696	5570	2892	2671	4847	43710
Bacteria	Firmicutes	Clostridia	Peptococcales	Peptococcaceae	513	607	437	916	729	677	662	739	696	239	397	635	696	241	453	370	470	115	828	176	366	1166	264	38	382	478	274	125	477	211	564	230	218	10	126	73	290	330	88	194	915	295	228	206	289	729	514	388	139	192	84	558	354	351	224	300	63	66	114	370	253	261	148
Bacteria	Firmicutes	Clostridia	Peptostreptococcales-Tissierellales	Alkaliphilus	0	9	15	0	61	130	23	56	48	0	10	0	0	0	0	0	4	0	0	0	0	0	0	0	0	0	0	0	0	0	0	0	0	0	0	10	0	0	0	0	0	0	0	0	0	0	0	0	0	0	0	0	0	0	0	0	0	0	0	0	0	0	0
Bacteria	Firmicutes	Clostridia	Peptostreptococcales-Tissierellales	Anaerovoracaceae	4449	2149	1893	1917	4762	1916	4918	2823	6527	973	6133	3959	5127	888	2331	1361	12838	556	2922	1149	1051	1836	858	232	2113	1276	1017	561	2031	1302	974	2402	1616	1041	927	522	98	1179	897	645	3063	2854	1175	2812	2919	2124	2155	1996	2847	998	1031	1056	2955	331	992	2089	437	1015	1140	2276	809	981	428
Bacteria	Firmicutes	Clostridia	Peptostreptococcales-Tissierellales	Family XI	52	29	81	44	76	132	289	88	511	71	158	357	23	837	70	2995	1181	18209	7029	2314	2884	2630	2107	792	2497	3523	1426	107	3559	1804	1393	3107	296	4251	12750	7497	17475	9300	1103	26880	196	64	4924	752	2295	4620	3571	263	897	3466	1038	2667	125	25	7316	329	2548	219	869	5783	16197	5997	540
Bacteria	Firmicutes	Clostridia	Peptostreptococcales-Tissierellales	Guggenheimella	0	0	0	0	0	0	0	0	0	0	0	0	0	0	0	0	0	0	0	4	82	0	21	0	0	0	0	0	0	0	0	39	0	0	10	410	0	160	0	0	0	0	79	0	21	66	0	0	0	109	12	10	0	0	77	3	0	0	0	0	50	133	0
Bacteria	Firmicutes	Clostridia	Peptostreptococcales-Tissierellales	Peptostreptococcaceae	11474	4182	6031	2002	22111	12566	15767	5877	9609	726	32240	9588	9003	1445	3563	3476	1015	736	3978	13691	5382	16621	21381	4224	38794	42174	19221	68105	16616	7358	39738	25748	37864	39294	4073	7780	11897	5191	1154	39958	16426	22174	4767	23098	21061	24066	62610	68226	13056	9448	34882	65102	26867	16843	23172	88155	11800	6344	13284	106497	11241	40047	8678
Bacteria	Firmicutes	Clostridia	Peptostreptococcales-Tissierellales	Sedimentibacteraceae	0	0	0	0	0	17	0	0	0	0	0	0	0	0	0	0	0	0	0	0	0	0	0	0	0	0	0	0	0	0	0	0	0	0	0	0	0	0	0	0	0	0	0	0	0	0	0	0	0	0	0	0	0	0	0	0	0	0	0	0	0	0	0
Bacteria	Firmicutes	Clostridia	Unclassified	Unclassified	0	0	0	0	0	0	0	0	0	5	0	7	0	0	0	3	0	0	0	0	0	0	0	0	10	0	0	0	0	3	0	6	0	0	0	12	9	0	4	0	0	0	0	0	0	0	6	0	0	0	0	0	0	0	0	0	0	0	0	0	0	0	0
Bacteria	Firmicutes	Desulfitobacteriia	Desulfitobacteriales	TC1	0	0	0	0	0	0	0	0	0	0	0	0	0	0	0	0	0	0	20	0	0	0	0	0	0	0	0	0	0	0	0	0	0	0	8	15	0	0	0	0	0	0	0	0	0	0	0	0	0	0	0	0	0	0	0	0	0	0	0	0	0	0	0
Bacteria	Firmicutes	Desulfotomaculia	Desulfotomaculales	Desulfotomaculaceae	0	0	0	0	0	0	0	0	0	0	0	0	0	0	0	0	0	0	0	0	0	0	0	0	0	0	0	9	0	0	0	0	0	0	0	46	0	0	0	0	0	0	0	0	0	0	0	0	0	0	0	0	0	0	0	0	0	0	0	0	0	11	0
Bacteria	Firmicutes	Negativicutes	Acidaminococcales	Acidaminococcaceae	0	0	8	45	48	23	20	27	21	30	108	47	71	0	51	81	0	20	101	0	8	55	30	53	245	18	67	109	1222	0	32	335	27	151	141	308	204	0	140	33	40	27	337	79	48	142	228	6	287	15	275	0	159	96	139	41	64	650	610	19	0	82	162
Bacteria	Firmicutes	Negativicutes	Veillonellales-Selenomonadales	Selenomonadaceae	0	17	124	5	18	4	0	8	42	6	644	21	102	106	82	26	555	66	603	0	18	0	5	388	1101	0	38	1030	6	169	413	11	46	156	0	269	218	0	502	22	114	17	15	15	48	150	189	366	53	8	935	268	257	155	22	19	25	24	45	28	9	28	191
Bacteria	Firmicutes	Negativicutes	Veillonellales-Selenomonadales	Veillonellaceae	8	20	8	0	0	601	8	52	29	174	13	56	14	223	51	10	23	40	421	0	0	5	4	31	16	0	70	113	49	7	162	18	12	68	49	15	155	4	53	11	392	0	0	29	15	23	0	6	0	28	34	104	18	19	147	0	25	116	22	20	7	23	104
Bacteria	Firmicutes	Syntrophomonadia	Syntrophomonadales	Syntrophomonadaceae	0	0	0	0	0	0	0	0	0	0	0	0	0	0	0	0	0	0	0	0	0	0	0	0	0	0	4	0	0	0	0	0	0	0	0	0	0	0	0	0	0	0	0	0	0	0	0	0	0	0	0	0	0	0	0	0	0	0	0	0	0	0	0
Bacteria	Firmicutes	Thermoanaerobacteria	Thermoanaerobacterales	SRB2	0	0	0	0	0	0	0	0	0	0	0	0	0	0	0	0	0	0	0	0	0	0	0	0	0	0	0	0	0	0	0	0	0	0	0	0	0	0	0	0	0	0	0	0	0	0	0	0	0	0	0	0	0	0	0	0	0	0	0	0	0	7	0
Bacteria	Fusobacteriota	Fusobacteriia	Fusobacteriales	Fusobacteriaceae	0	13	0	0	0	9	0	27	0	0	0	0	0	0	0	69	0	0	0	6	0	0	0	0	0	0	0	7	0	0	0	0	0	0	46	0	0	0	0	0	0	0	0	0	0	0	0	0	0	0	0	0	0	0	3	5	0	0	0	0	0	0	0
Bacteria	Patescibacteria	Dojkabacteria	Unclassified	Unclassified	0	0	0	0	0	0	0	0	0	0	0	0	0	0	0	0	0	3	0	0	0	0	0	0	0	0	0	0	0	0	0	0	0	0	0	0	0	0	0	0	0	0	0	0	0	0	0	0	0	0	0	0	0	0	0	0	0	0	0	0	0	0	0
Bacteria	Patescibacteria	Saccharimonadia	Saccharimonadales	LWQ8	0	0	0	0	4	0	0	0	0	0	0	0	0	0	0	0	0	0	0	0	0	0	0	0	0	0	0	0	0	0	0	0	0	0	0	0	0	0	0	0	0	0	0	0	0	0	0	0	0	0	0	0	0	0	0	0	0	0	0	0	0	0	0
Bacteria	Patescibacteria	Saccharimonadia	Saccharimonadales	Saccharimonadaceae	0	71	46	30	0	205	0	42	43	417	26	28	0	50	25	348	59	196	91	887	711	2335	890	1735	2283	685	2502	7334	37	4	0	760	422	22	408	7713	3384	1461	3248	1178	0	0	44	23	45	547	72	252	170	28	184	11	250	3	251	951	0	66	34	1000	111	184	116
Bacteria	Patescibacteria	Saccharimonadia	Saccharimonadales	Unclassified	0	0	0	0	0	0	0	0	0	0	0	0	0	0	0	0	0	0	0	0	0	0	0	0	0	0	2	6	0	0	0	0	0	0	0	0	4	0	0	0	6	0	0	0	0	0	0	0	9	0	0	0	0	0	0	0	0	0	0	0	0	0	0
Bacteria	Planctomycetota	Planctomycetes	Pirellulales	Pirellulaceae	0	0	0	0	6	0	0	0	0	5	0	0	0	0	0	0	0	0	0	0	0	0	0	0	0	0	0	0	0	0	0	0	0	0	0	0	0	0	0	0	0	0	0	0	0	0	0	0	0	0	0	0	0	0	0	0	0	0	0	0	0	0	0
Bacteria	Proteobacteria	Alphaproteobacteria	Acetobacterales	Acetobacteraceae	0	0	0	0	0	0	0	0	0	0	0	0	0	0	0	0	0	0	0	0	0	0	0	0	0	0	0	0	0	0	0	0	0	0	0	0	0	0	0	0	0	0	0	0	0	0	0	0	0	0	0	4	0	0	0	0	0	0	0	0	0	0	0
Bacteria	Proteobacteria	Alphaproteobacteria	Caulobacterales	Caulobacteraceae	67	64	329	9	523	75	78	165	222	0	125	173	500	29	85	49	0	0	72	31	0	22	0	5	62	0	3	0	8	5	16	15	101	16	46	325	0	29	0	0	3	0	0	0	20	0	0	0	0	0	0	6	4	0	6	0	0	0	0	0	0	34	0
Bacteria	Proteobacteria	Alphaproteobacteria	Paracaedibacterales	Paracaedibacteraceae	0	0	0	0	0	0	0	14	0	0	0	7	0	0	0	0	0	0	0	0	0	0	0	0	0	0	0	0	0	0	0	0	0	0	0	49	0	0	0	0	0	0	0	0	0	0	0	0	0	0	0	0	0	0	0	0	0	0	0	0	0	0	0
Bacteria	Proteobacteria	Alphaproteobacteria	Rhizobiales	Beijerinckiaceae	0	0	0	0	0	0	0	0	0	0	0	0	0	0	0	0	0	0	30	2	0	0	0	0	0	0	0	0	0	0	0	0	0	0	0	2	0	0	34	0	0	0	0	0	0	0	0	0	12	2	0	0	0	0	0	0	0	0	0	0	0	0	0
Bacteria	Proteobacteria	Alphaproteobacteria	Rhizobiales	Devosiaceae	0	11	143	10	132	291	0	52	11	2	4	0	34	0	6	0	0	0	22	12	0	0	0	0	12	26	9	12	0	0	0	0	0	0	24	5	6	0	0	0	0	0	0	0	0	0	0	0	0	2	0	0	0	0	0	0	0	0	0	0	0	0	0
Bacteria	Proteobacteria	Alphaproteobacteria	Rhizobiales	Rhizobiaceae	22	71	111	11	160	185	0	40	38	0	0	31	183	7	16	8	23	0	456	171	14	9	19	11	54	154	144	10	9	22	0	7	18	9	39	280	4	26	0	3	0	5	4	8	0	15	6	13	21	24	22	0	12	0	0	16	0	8	10	0	0	65	5
Bacteria	Proteobacteria	Alphaproteobacteria	Rhizobiales	Rhizobiales Incertae Sedis	0	0	0	0	0	0	0	0	0	0	0	0	0	0	0	0	0	0	0	0	0	0	0	0	0	0	0	0	0	0	0	0	0	0	0	0	0	0	0	0	0	0	0	0	0	0	0	0	0	0	0	0	0	0	0	0	0	0	0	3	0	0	0
Bacteria	Proteobacteria	Alphaproteobacteria	Rhizobiales	Xanthobacteraceae	0	0	0	0	0	0	0	0	0	0	0	0	0	0	0	0	0	0	0	0	0	0	0	0	0	0	0	0	0	0	0	0	0	0	0	0	0	0	0	0	0	10	0	2	0	0	0	0	0	0	0	0	0	0	0	0	0	0	0	0	0	0	0
Bacteria	Proteobacteria	Alphaproteobacteria	Rhodobacterales	Rhodobacteraceae	35	73	388	31	682	1064	29	507	93	0	20	122	92	0	27	12	10	0	45	329	43	68	223	0	24	155	251	0	4	0	0	34	37	0	83	1139	0	21	0	0	0	0	0	0	10	0	7	0	0	0	4	0	0	0	0	44	0	0	0	0	0	126	0
Bacteria	Proteobacteria	Alphaproteobacteria	Rhodospirillales	Unclassified	0	0	0	0	0	0	0	0	0	0	0	0	0	0	0	0	0	0	0	0	0	0	0	0	0	0	0	0	0	0	0	0	0	0	0	0	0	0	0	0	0	0	0	0	0	0	0	0	0	0	0	0	0	0	0	0	0	0	0	0	0	0	8
Bacteria	Proteobacteria	Alphaproteobacteria	Rickettsiales	Mitochondria	0	0	0	0	0	3	23	0	0	0	0	0	0	0	0	0	4	0	4	0	0	0	0	0	0	0	0	3	0	0	0	0	0	0	0	0	0	0	0	0	0	0	0	0	0	0	0	0	0	0	0	0	0	0	0	0	0	0	0	0	0	0	0
Bacteria	Proteobacteria	Alphaproteobacteria	Rickettsiales	Unclassified	0	0	0	0	7	0	0	0	0	0	0	0	0	0	0	0	0	0	27	5	0	0	0	0	4	0	0	0	0	0	0	0	0	0	0	0	0	0	0	0	12	0	0	0	7	0	0	12	7	0	0	0	0	0	0	0	0	0	0	0	0	0	21
Bacteria	Proteobacteria	Alphaproteobacteria	Sphingomonadales	Sphingomonadaceae	0	0	7	0	98	0	0	0	3	0	0	0	0	0	5	5	0	0	44	20	0	0	0	0	12	6	6	0	0	5	0	4	2	0	0	239	0	0	15	0	0	0	0	0	0	0	4	0	4	0	0	0	0	0	0	0	0	4	0	0	0	4	0
Bacteria	Proteobacteria	Alphaproteobacteria	Unclassified	Unclassified	0	0	0	0	0	0	0	0	0	0	0	0	0	0	0	0	0	0	0	0	0	0	0	0	0	0	0	0	0	0	0	0	0	0	0	0	5	0	0	0	0	0	0	0	0	0	0	0	14	0	0	0	0	0	0	22	0	0	0	0	0	0	0
Bacteria	Proteobacteria	Gammaproteobacteria	Burkholderiales	Alcaligenaceae	0	0	0	0	20	6	0	2	4	0	0	0	0	0	0	0	5	0	54	11	0	3	12	0	5	15	9	0	22	0	0	9	0	0	5	247	0	0	0	0	0	0	8	0	0	0	6	0	21	14	0	43	3	0	6	0	0	0	3	0	0	21	0
Bacteria	Proteobacteria	Gammaproteobacteria	Burkholderiales	Burkholderiaceae	0	0	0	0	0	0	3	0	0	0	0	0	0	0	0	0	0	0	0	0	0	0	0	0	0	0	0	0	0	0	0	0	0	0	0	0	0	0	0	0	0	0	0	0	0	0	0	0	0	0	0	0	0	0	0	0	0	0	0	0	0	0	2
Bacteria	Proteobacteria	Gammaproteobacteria	Burkholderiales	Comamonadaceae	24	61	56	30	167	83	0	49	84	21	108	65	109	68	15	36	0	0	29	0	0	8	11	0	5	11	0	0	15	0	7	14	0	5	338	1471	0	0	4	0	0	4	6	0	0	0	10	0	0	0	0	0	0	14	0	0	0	48	17	0	0	0	0
Bacteria	Proteobacteria	Gammaproteobacteria	Burkholderiales	Oxalobacteraceae	0	0	0	0	11	0	0	5	0	0	4	0	0	0	0	0	0	12	0	0	0	0	0	0	0	0	0	0	0	0	5	0	0	0	0	0	0	0	0	0	0	0	0	0	0	3	10	0	0	0	0	0	0	0	0	0	0	0	0	0	0	5	0
Bacteria	Proteobacteria	Gammaproteobacteria	Burkholderiales	Sutterellaceae	0	0	3	0	0	0	7	0	0	0	0	0	0	0	0	0	27	22	30	0	0	0	0	5	117	0	2	0	0	2	8	0	0	0	0	0	38	0	0	0	31	3	0	0	0	0	0	0	8	0	0	7	0	51	0	0	0	0	3	10	0	0	19
Bacteria	Proteobacteria	Gammaproteobacteria	Burkholderiales	T34	0	7	0	4	0	0	0	0	7	0	0	0	7	0	0	6	0	0	37	0	0	0	0	0	0	0	5	0	0	0	0	3	17	0	0	0	4	0	0	0	13	0	31	0	0	0	0	0	0	0	0	0	0	0	0	0	0	277	164	0	0	0	8
Bacteria	Proteobacteria	Gammaproteobacteria	Burkholderiales	Unclassified	0	0	0	0	0	0	0	0	0	0	0	0	0	0	0	0	0	0	0	0	0	0	0	0	0	0	0	0	0	0	0	0	0	0	0	0	0	0	0	0	0	0	0	0	0	0	2	0	0	0	0	0	0	0	0	0	0	0	0	0	0	0	0
Bacteria	Proteobacteria	Gammaproteobacteria	Cardiobacteriales	Wohlfahrtiimonadaceae	0	0	0	0	40	4	0	4	0	0	11	0	0	0	0	0	0	0	0	0	0	0	0	0	0	0	0	0	0	0	0	0	0	0	0	43	0	0	0	0	0	0	6	0	0	0	0	0	0	0	0	0	0	0	0	0	0	0	9	0	0	0	0
Bacteria	Proteobacteria	Gammaproteobacteria	Enterobacterales	Aeromonadaceae	0	0	0	0	0	31	0	0	0	0	0	0	0	0	0	0	0	0	13	14	0	0	0	0	0	0	0	0	0	0	0	0	0	0	0	12	0	0	6	0	0	0	0	0	0	0	0	0	0	0	0	0	0	0	0	0	0	0	0	0	0	0	0
Bacteria	Proteobacteria	Gammaproteobacteria	Enterobacterales	Alteromonadaceae	0	0	3	0	0	0	0	0	0	0	0	0	0	0	0	0	0	0	0	0	0	0	0	0	0	0	0	0	0	0	0	0	0	0	0	10	0	0	0	0	0	0	0	0	0	0	0	0	0	0	0	0	0	0	0	0	0	0	0	0	0	0	0
Bacteria	Proteobacteria	Gammaproteobacteria	Enterobacterales	Enterobacteriaceae	428	311	419	688	2776	1835	161	853	1113	38	1955	16432	1821	68	242	400	12	0	39	158	0	5	0	0	0	9	0	0	32	0	0	186	0	7	409	96	0	51	6	14	29	0	11	0	0	0	0	11	0	0	14	0	34	0	8	0	0	43	0	23	20	5	0
Bacteria	Proteobacteria	Gammaproteobacteria	Enterobacterales	Idiomarinaceae	0	0	0	0	0	0	0	0	0	0	0	0	0	0	0	0	0	0	0	0	0	0	0	0	0	0	0	0	0	0	0	0	0	0	0	209	0	0	0	0	0	0	0	0	0	0	0	0	0	0	0	0	0	0	0	0	0	0	0	0	0	0	0
Bacteria	Proteobacteria	Gammaproteobacteria	Enterobacterales	Morganellaceae	0	0	0	0	0	0	0	0	0	0	0	0	0	0	0	0	4	0	0	0	0	0	0	0	0	0	0	0	0	0	0	0	0	0	0	0	0	0	0	0	0	0	0	0	0	0	0	0	0	0	0	0	0	0	0	0	0	0	0	0	0	0	0
Bacteria	Proteobacteria	Gammaproteobacteria	Enterobacterales	Pasteurellaceae	0	0	0	0	0	0	0	0	0	0	0	0	0	0	0	0	0	0	28	0	0	0	0	0	0	0	0	0	0	0	0	0	0	0	0	0	0	0	0	0	0	0	0	0	0	0	0	0	0	0	0	0	0	0	0	0	0	0	0	0	0	0	0
Bacteria	Proteobacteria	Gammaproteobacteria	Enterobacterales	Shewanellaceae	0	0	0	0	0	0	0	0	0	0	0	0	0	0	0	0	0	38	0	0	0	0	0	0	0	0	0	0	0	0	0	0	0	0	0	0	0	0	0	0	0	0	0	0	0	0	0	0	0	0	0	0	0	0	0	0	0	0	0	0	0	0	0
Bacteria	Proteobacteria	Gammaproteobacteria	Enterobacterales	Succinivibrionaceae	22	11	6	0	45	16	5	155	10	0	31	33	12	12	11	99	0	74	16	0	0	11	5	20	0	0	0	9	0	0	12	24	5	0	7	0	39	0	17	0	18	0	28	0	0	226	41	0	24	0	5	5	9	24	0	22	0	84	0	14	3	42	4
Bacteria	Proteobacteria	Gammaproteobacteria	Enterobacterales	Yersiniaceae	0	0	0	0	0	0	0	0	0	0	0	0	0	0	0	0	0	0	0	0	0	0	0	0	0	0	0	0	0	0	0	0	0	0	0	0	0	0	0	0	0	0	0	0	0	0	0	0	0	0	0	0	0	0	3	0	0	0	0	0	0	0	0
Bacteria	Proteobacteria	Gammaproteobacteria	Nitrosococcales	Methylophagaceae	0	0	0	0	0	0	0	0	0	0	0	0	0	0	0	0	0	0	0	0	0	0	0	0	0	0	0	0	0	0	0	0	0	0	0	39	0	0	0	0	0	0	0	0	0	0	0	0	0	0	0	0	0	0	0	0	0	0	0	0	0	0	0
Bacteria	Proteobacteria	Gammaproteobacteria	Pseudomonadales	Halomonadaceae	0	8	0	0	0	0	0	0	0	0	0	0	0	0	0	0	0	0	0	0	0	0	0	0	0	11	0	0	0	0	0	0	0	0	0	0	0	0	0	0	0	0	0	0	0	0	0	0	0	0	0	0	0	0	7	0	0	0	0	0	0	0	0
Bacteria	Proteobacteria	Gammaproteobacteria	Pseudomonadales	Moraxellaceae	2434	2364	6826	9708	38522	32698	2990	5013	4204	1097	8402	14854	22518	2925	7912	14144	56	260	16021	835	1194	720	4682	93	2099	2024	1496	176	3995	516	113	2476	185	111	24127	20729	61	1525	199	31	109	0	4209	0	215	874	1770	49	206	742	122	435	39	0	977	1706	0	1476	745	0	31	1235	34
Bacteria	Proteobacteria	Gammaproteobacteria	Pseudomonadales	Pseudomonadaceae	8	4	32	0	119	45	4	9	65	0	44	0	10	0	6	7	3	0	18	8	0	0	0	0	31	0	0	0	8	43	0	5	0	23	8	2238	3	0	0	0	0	0	8	0	0	0	0	0	0	0	0	0	0	0	0	0	0	0	0	0	0	18	0
Bacteria	Proteobacteria	Gammaproteobacteria	Pseudomonadales	Saccharospirillaceae	0	0	0	0	0	0	0	0	0	0	0	0	0	0	0	0	0	0	0	0	0	0	0	0	0	0	0	0	0	0	0	0	0	0	0	54	0	0	0	0	0	0	0	0	0	0	0	0	0	0	0	0	0	0	0	0	0	0	0	0	0	0	0
Bacteria	Proteobacteria	Gammaproteobacteria	Pseudomonadales	Unclassified	0	0	0	0	0	0	0	0	0	0	0	0	0	0	0	0	8	0	0	0	0	0	0	0	0	0	0	0	0	0	0	0	0	0	0	0	0	0	0	0	0	0	0	0	0	0	0	0	0	0	0	0	0	0	0	0	0	0	0	0	0	0	0
Bacteria	Proteobacteria	Gammaproteobacteria	Salinisphaerales	Salinisphaeraceae	0	0	0	0	0	0	0	0	0	0	0	0	0	0	0	0	0	24	28	0	0	0	0	0	0	0	0	7	0	0	0	0	0	0	0	0	7	0	0	8	0	3	0	0	5	0	0	0	0	0	0	0	0	0	0	0	3	0	0	0	0	0	8
Bacteria	Proteobacteria	Gammaproteobacteria	Unclassified	Unclassified	0	0	0	0	0	0	0	0	0	0	0	0	0	0	0	0	0	0	0	0	0	0	0	0	0	0	0	0	0	0	0	0	0	0	2	0	0	0	0	0	0	0	0	0	0	0	0	0	0	0	0	0	0	0	0	0	0	0	0	0	0	0	0
Bacteria	Proteobacteria	Gammaproteobacteria	Xanthomonadales	Xanthomonadaceae	118	157	315	4	991	213	10	241	555	0	193	175	1386	67	25	138	97	0	51	104	10	23	12	0	160	166	43	0	41	122	0	37	94	18	1715	11899	0	63	0	4	10	0	17	0	4	4	117	8	12	19	14	39	7	0	154	0	0	94	5	7	0	103	0
Bacteria	Spirochaetota	Spirochaetia	Spirochaetales	Spirochaetaceae	221	107	118	90	2287	66	61	266	221	506	4758	591	11	394	162	522	0	704	451	62	50	722	346	134	64	31	268	37	11	383	83	1058	1716	0	87	40	895	33	503	112	200	844	63	95	41	2567	8488	480	232	76	157	129	1775	348	0	3991	31	831	162	157	39	1825	507
Bacteria	Synergistota	Synergistia	Synergistales	Synergistaceae	0	0	0	0	0	0	0	0	9	0	10	0	0	0	0	0	0	0	0	0	0	0	0	0	0	0	0	0	0	0	0	0	0	0	0	0	35	0	0	0	0	0	0	0	0	0	25	0	0	0	5	0	0	0	0	0	0	0	0	0	0	0	0
Bacteria	Verrucomicrobiota	Chlamydiae	Chlamydiales	Chlamydiaceae	17	169	0	15	6	6	9	27	41	22	7	7	0	19	15	38	0	86	7	17	6	0	13	6	26	15	20	89	8	7	16	321	30	29	0	40	0	76	181	0	5	7	22	10	36	23	231	31	13	2	60	26	27	37	37	113	0	124	10	4	18	81	8
Bacteria	Verrucomicrobiota	Kiritimatiellae	WCHB1-41	Unclassified	0	7	12	0	7	0	0	0	0	0	35	0	0	0	0	12	0	0	0	0	0	0	0	0	0	0	0	0	0	0	0	0	0	0	0	0	0	0	0	0	0	0	0	0	0	0	0	0	0	0	0	0	12	0	0	0	0	0	0	0	0	0	0
Bacteria	WPS-2	Unclassified	Unclassified	Unclassified	0	0	0	68	0	0	0	26	0	0	0	0	0	0	0	11	0	0	0	0	0	0	0	0	0	0	0	0	0	0	0	0	0	0	0	0	0	0	0	0	0	0	0	0	0	0	0	0	0	0	0	0	0	0	0	0	0	0	0	0	0	0	0
Eukaryota	Unclassified	Unclassified	Unclassified	Unclassified	0	0	0	0	0	0	0	0	0	0	0	0	3	0	0	0	0	0	0	0	0	0	0	0	0	0	0	0	0	0	0	0	0	0	0	0	0	0	0	0	0	0	0	0	0	0	0	0	0	0	0	0	0	0	0	0	0	0	0	0	0	0	0
